dataset,dataset_display,model,seed,class_label,num_classes,class_size,n_members,n_nonmembers,tpr_at_1pct_fpr
46980_MIC,MIC,lightgbm,1,0,5,1084,542,542,0.014760147601476014
46980_MIC,MIC,lightgbm,1,1,5,18,9,9,0.8888888888888888
46980_MIC,MIC,lightgbm,1,2,5,80,40,40,0.0
46980_MIC,MIC,lightgbm,1,3,5,37,19,18,0.7894736842105263
46980_MIC,MIC,lightgbm,1,4,5,15,7,8,1.0
46980_MIC,MIC,lightgbm,2,0,5,1069,535,534,0.028037383177570093
46980_MIC,MIC,lightgbm,2,1,5,16,8,8,1.0
46980_MIC,MIC,lightgbm,2,2,5,87,43,44,0.4418604651162791
46980_MIC,MIC,lightgbm,2,3,5,42,21,21,1.0
46980_MIC,MIC,lightgbm,2,4,5,20,10,10,1.0
46980_MIC,MIC,lightgbm,3,0,5,1068,534,534,0.02247191011235955
46980_MIC,MIC,lightgbm,3,1,5,21,10,11,0.2
46980_MIC,MIC,lightgbm,3,2,5,85,43,42,0.20930232558139536
46980_MIC,MIC,lightgbm,3,3,5,37,19,18,0.2631578947368421
46980_MIC,MIC,lightgbm,3,4,5,23,11,12,0.18181818181818182
46980_MIC,MIC,lightgbm,4,0,5,1081,541,540,0.011090573012939002
46980_MIC,MIC,lightgbm,4,1,5,18,9,9,1.0
46980_MIC,MIC,lightgbm,4,2,5,76,38,38,0.0
46980_MIC,MIC,lightgbm,4,3,5,38,19,19,0.9473684210526315
46980_MIC,MIC,lightgbm,4,4,5,21,10,11,1.0
46980_MIC,MIC,lightgbm,5,0,5,1065,533,532,0.013133208255159476
46980_MIC,MIC,lightgbm,5,1,5,21,10,11,1.0
46980_MIC,MIC,lightgbm,5,2,5,83,42,41,0.30952380952380953
46980_MIC,MIC,lightgbm,5,3,5,43,21,22,0.8095238095238095
46980_MIC,MIC,lightgbm,5,4,5,22,11,11,1.0
46980_MIC,MIC,mlp,1,0,5,1084,542,542,0.01845018450184502
46980_MIC,MIC,mlp,1,1,5,18,9,9,1.0
46980_MIC,MIC,mlp,1,2,5,80,40,40,0.325
46980_MIC,MIC,mlp,1,3,5,37,19,18,0.8421052631578947
46980_MIC,MIC,mlp,1,4,5,15,7,8,1.0
46980_MIC,MIC,mlp,2,0,5,1069,535,534,0.028037383177570093
46980_MIC,MIC,mlp,2,1,5,16,8,8,1.0
46980_MIC,MIC,mlp,2,2,5,87,43,44,0.3953488372093023
46980_MIC,MIC,mlp,2,3,5,42,21,21,0.7619047619047619
46980_MIC,MIC,mlp,2,4,5,20,10,10,1.0
46980_MIC,MIC,mlp,3,0,5,1068,534,534,0.05056179775280899
46980_MIC,MIC,mlp,3,1,5,21,10,11,1.0
46980_MIC,MIC,mlp,3,2,5,85,43,42,0.3023255813953488
46980_MIC,MIC,mlp,3,3,5,37,19,18,0.7894736842105263
46980_MIC,MIC,mlp,3,4,5,23,11,12,1.0
46980_MIC,MIC,mlp,4,0,5,1081,541,540,0.04251386321626617
46980_MIC,MIC,mlp,4,1,5,18,9,9,1.0
46980_MIC,MIC,mlp,4,2,5,76,38,38,0.0
46980_MIC,MIC,mlp,4,3,5,38,19,19,0.7368421052631579
46980_MIC,MIC,mlp,4,4,5,21,10,11,1.0
46980_MIC,MIC,mlp,5,0,5,1065,533,532,0.009380863039399626
46980_MIC,MIC,mlp,5,1,5,21,10,11,1.0
46980_MIC,MIC,mlp,5,2,5,83,42,41,0.23809523809523808
46980_MIC,MIC,mlp,5,3,5,43,21,22,0.8095238095238095
46980_MIC,MIC,mlp,5,4,5,22,11,11,1.0
46980_MIC,MIC,real-tabpfn,1,0,5,1084,542,542,0.00922509225092251
46980_MIC,MIC,real-tabpfn,1,1,5,18,9,9,0.8888888888888888
46980_MIC,MIC,real-tabpfn,1,2,5,80,40,40,0.25
46980_MIC,MIC,real-tabpfn,1,3,5,37,19,18,0.8421052631578947
46980_MIC,MIC,real-tabpfn,1,4,5,15,7,8,1.0
46980_MIC,MIC,real-tabpfn,2,0,5,1069,535,534,0.018691588785046728
46980_MIC,MIC,real-tabpfn,2,1,5,16,8,8,0.875
46980_MIC,MIC,real-tabpfn,2,2,5,87,43,44,0.0
46980_MIC,MIC,real-tabpfn,2,3,5,42,21,21,0.9047619047619048
46980_MIC,MIC,real-tabpfn,2,4,5,20,10,10,1.0
46980_MIC,MIC,real-tabpfn,3,0,5,1068,534,534,0.0449438202247191
46980_MIC,MIC,real-tabpfn,3,1,5,21,10,11,1.0
46980_MIC,MIC,real-tabpfn,3,2,5,85,43,42,0.4883720930232558
46980_MIC,MIC,real-tabpfn,3,3,5,37,19,18,0.0
46980_MIC,MIC,real-tabpfn,3,4,5,23,11,12,1.0
46980_MIC,MIC,real-tabpfn,4,0,5,1081,541,540,0.005545286506469501
46980_MIC,MIC,real-tabpfn,4,1,5,18,9,9,0.8888888888888888
46980_MIC,MIC,real-tabpfn,4,2,5,76,38,38,0.0
46980_MIC,MIC,real-tabpfn,4,3,5,38,19,19,0.631578947368421
46980_MIC,MIC,real-tabpfn,4,4,5,21,10,11,0.7
46980_MIC,MIC,real-tabpfn,5,0,5,1065,533,532,0.013133208255159476
46980_MIC,MIC,real-tabpfn,5,1,5,21,10,11,0.7
46980_MIC,MIC,real-tabpfn,5,2,5,83,42,41,0.2857142857142857
46980_MIC,MIC,real-tabpfn,5,3,5,43,21,22,0.2857142857142857
46980_MIC,MIC,real-tabpfn,5,4,5,22,11,11,0.9090909090909091
46980_MIC,MIC,rf,1,0,5,1084,542,542,0.0018450184501845018
46980_MIC,MIC,rf,1,1,5,18,9,9,0.8888888888888888
46980_MIC,MIC,rf,1,2,5,80,40,40,0.25
46980_MIC,MIC,rf,1,3,5,37,19,18,0.631578947368421
46980_MIC,MIC,rf,1,4,5,15,7,8,0.0
46980_MIC,MIC,rf,2,0,5,1069,535,534,0.014953271028037384
46980_MIC,MIC,rf,2,1,5,16,8,8,1.0
46980_MIC,MIC,rf,2,2,5,87,43,44,0.0
46980_MIC,MIC,rf,2,3,5,42,21,21,0.0
46980_MIC,MIC,rf,2,4,5,20,10,10,0.7
46980_MIC,MIC,rf,3,0,5,1068,534,534,0.026217228464419477
46980_MIC,MIC,rf,3,1,5,21,10,11,1.0
46980_MIC,MIC,rf,3,2,5,85,43,42,0.3488372093023256
46980_MIC,MIC,rf,3,3,5,37,19,18,1.0
46980_MIC,MIC,rf,3,4,5,23,11,12,1.0
46980_MIC,MIC,rf,4,0,5,1081,541,540,0.014787430683918669
46980_MIC,MIC,rf,4,1,5,18,9,9,0.6666666666666666
46980_MIC,MIC,rf,4,2,5,76,38,38,0.18421052631578946
46980_MIC,MIC,rf,4,3,5,38,19,19,0.3157894736842105
46980_MIC,MIC,rf,4,4,5,21,10,11,0.0
46980_MIC,MIC,rf,5,0,5,1065,533,532,0.0225140712945591
46980_MIC,MIC,rf,5,1,5,21,10,11,0.7
46980_MIC,MIC,rf,5,2,5,83,42,41,0.23809523809523808
46980_MIC,MIC,rf,5,3,5,43,21,22,0.0
46980_MIC,MIC,rf,5,4,5,22,11,11,0.8181818181818182
46980_MIC,MIC,tabdpt,1,0,5,1084,542,542,0.08856088560885608
46980_MIC,MIC,tabdpt,1,1,5,18,9,9,1.0
46980_MIC,MIC,tabdpt,1,2,5,80,40,40,0.775
46980_MIC,MIC,tabdpt,1,3,5,37,19,18,1.0
46980_MIC,MIC,tabdpt,1,4,5,15,7,8,1.0
46980_MIC,MIC,tabdpt,2,0,5,1069,535,534,0.011214953271028037
46980_MIC,MIC,tabdpt,2,1,5,16,8,8,1.0
46980_MIC,MIC,tabdpt,2,2,5,87,43,44,0.9534883720930233
46980_MIC,MIC,tabdpt,2,3,5,42,21,21,1.0
46980_MIC,MIC,tabdpt,2,4,5,20,10,10,1.0
46980_MIC,MIC,tabdpt,3,0,5,1068,534,534,0.07677902621722846
46980_MIC,MIC,tabdpt,3,1,5,21,10,11,1.0
46980_MIC,MIC,tabdpt,3,2,5,85,43,42,0.6976744186046512
46980_MIC,MIC,tabdpt,3,3,5,37,19,18,1.0
46980_MIC,MIC,tabdpt,3,4,5,23,11,12,1.0
46980_MIC,MIC,tabdpt,4,0,5,1081,541,540,0.11829944547134935
46980_MIC,MIC,tabdpt,4,1,5,18,9,9,1.0
46980_MIC,MIC,tabdpt,4,2,5,76,38,38,0.9736842105263158
46980_MIC,MIC,tabdpt,4,3,5,38,19,19,1.0
46980_MIC,MIC,tabdpt,4,4,5,21,10,11,1.0
46980_MIC,MIC,tabdpt,5,0,5,1065,533,532,0.06378986866791744
46980_MIC,MIC,tabdpt,5,1,5,21,10,11,1.0
46980_MIC,MIC,tabdpt,5,2,5,83,42,41,1.0
46980_MIC,MIC,tabdpt,5,3,5,43,21,22,1.0
46980_MIC,MIC,tabdpt,5,4,5,22,11,11,1.0
46980_MIC,MIC,tabicl,1,0,5,1084,542,542,0.04981549815498155
46980_MIC,MIC,tabicl,1,1,5,18,9,9,1.0
46980_MIC,MIC,tabicl,1,2,5,80,40,40,0.0
46980_MIC,MIC,tabicl,1,3,5,37,19,18,0.8421052631578947
46980_MIC,MIC,tabicl,1,4,5,15,7,8,1.0
46980_MIC,MIC,tabicl,2,0,5,1069,535,534,0.07850467289719626
46980_MIC,MIC,tabicl,2,1,5,16,8,8,1.0
46980_MIC,MIC,tabicl,2,2,5,87,43,44,0.4186046511627907
46980_MIC,MIC,tabicl,2,3,5,42,21,21,0.8095238095238095
46980_MIC,MIC,tabicl,2,4,5,20,10,10,1.0
46980_MIC,MIC,tabicl,3,0,5,1068,534,534,0.04868913857677903
46980_MIC,MIC,tabicl,3,1,5,21,10,11,1.0
46980_MIC,MIC,tabicl,3,2,5,85,43,42,0.23255813953488372
46980_MIC,MIC,tabicl,3,3,5,37,19,18,1.0
46980_MIC,MIC,tabicl,3,4,5,23,11,12,1.0
46980_MIC,MIC,tabicl,4,0,5,1081,541,540,0.04621072088724584
46980_MIC,MIC,tabicl,4,1,5,18,9,9,1.0
46980_MIC,MIC,tabicl,4,2,5,76,38,38,0.5789473684210527
46980_MIC,MIC,tabicl,4,3,5,38,19,19,0.7894736842105263
46980_MIC,MIC,tabicl,4,4,5,21,10,11,1.0
46980_MIC,MIC,tabicl,5,0,5,1065,533,532,0.06378986866791744
46980_MIC,MIC,tabicl,5,1,5,21,10,11,0.0
46980_MIC,MIC,tabicl,5,2,5,83,42,41,0.8095238095238095
46980_MIC,MIC,tabicl,5,3,5,43,21,22,0.9523809523809523
46980_MIC,MIC,tabicl,5,4,5,22,11,11,1.0
46980_MIC,MIC,tabnet,1,0,5,1084,542,542,0.0018450184501845018
46980_MIC,MIC,tabnet,1,1,5,18,9,9,1.0
46980_MIC,MIC,tabnet,1,2,5,80,40,40,0.025
46980_MIC,MIC,tabnet,1,3,5,37,19,18,0.10526315789473684
46980_MIC,MIC,tabnet,1,4,5,15,7,8,0.8571428571428571
46980_MIC,MIC,tabnet,2,0,5,1069,535,534,0.013084112149532711
46980_MIC,MIC,tabnet,2,1,5,16,8,8,0.875
46980_MIC,MIC,tabnet,2,2,5,87,43,44,0.0
46980_MIC,MIC,tabnet,2,3,5,42,21,21,0.09523809523809523
46980_MIC,MIC,tabnet,2,4,5,20,10,10,1.0
46980_MIC,MIC,tabnet,3,0,5,1068,534,534,0.026217228464419477
46980_MIC,MIC,tabnet,3,1,5,21,10,11,1.0
46980_MIC,MIC,tabnet,3,2,5,85,43,42,0.20930232558139536
46980_MIC,MIC,tabnet,3,3,5,37,19,18,0.2631578947368421
46980_MIC,MIC,tabnet,3,4,5,23,11,12,0.7272727272727273
46980_MIC,MIC,tabnet,4,0,5,1081,541,540,0.012939001848428836
46980_MIC,MIC,tabnet,4,1,5,18,9,9,1.0
46980_MIC,MIC,tabnet,4,2,5,76,38,38,0.23684210526315788
46980_MIC,MIC,tabnet,4,3,5,38,19,19,0.5789473684210527
46980_MIC,MIC,tabnet,4,4,5,21,10,11,0.7
46980_MIC,MIC,tabnet,5,0,5,1065,533,532,0.013133208255159476
46980_MIC,MIC,tabnet,5,1,5,21,10,11,0.9
46980_MIC,MIC,tabnet,5,2,5,83,42,41,0.0
46980_MIC,MIC,tabnet,5,3,5,43,21,22,1.0
46980_MIC,MIC,tabnet,5,4,5,22,11,11,0.36363636363636365
46980_MIC,MIC,tabpfn,1,0,5,1084,542,542,0.005535055350553505
46980_MIC,MIC,tabpfn,1,1,5,18,9,9,1.0
46980_MIC,MIC,tabpfn,1,2,5,80,40,40,0.2
46980_MIC,MIC,tabpfn,1,3,5,37,19,18,1.0
46980_MIC,MIC,tabpfn,1,4,5,15,7,8,1.0
46980_MIC,MIC,tabpfn,2,0,5,1069,535,534,0.014953271028037384
46980_MIC,MIC,tabpfn,2,1,5,16,8,8,1.0
46980_MIC,MIC,tabpfn,2,2,5,87,43,44,0.0
46980_MIC,MIC,tabpfn,2,3,5,42,21,21,0.8571428571428571
46980_MIC,MIC,tabpfn,2,4,5,20,10,10,1.0
46980_MIC,MIC,tabpfn,3,0,5,1068,534,534,0.04307116104868914
46980_MIC,MIC,tabpfn,3,1,5,21,10,11,1.0
46980_MIC,MIC,tabpfn,3,2,5,85,43,42,0.5116279069767442
46980_MIC,MIC,tabpfn,3,3,5,37,19,18,0.0
46980_MIC,MIC,tabpfn,3,4,5,23,11,12,1.0
46980_MIC,MIC,tabpfn,4,0,5,1081,541,540,0.005545286506469501
46980_MIC,MIC,tabpfn,4,1,5,18,9,9,0.8888888888888888
46980_MIC,MIC,tabpfn,4,2,5,76,38,38,0.0
46980_MIC,MIC,tabpfn,4,3,5,38,19,19,0.631578947368421
46980_MIC,MIC,tabpfn,4,4,5,21,10,11,0.8
46980_MIC,MIC,tabpfn,5,0,5,1065,533,532,0.016885553470919325
46980_MIC,MIC,tabpfn,5,1,5,21,10,11,0.7
46980_MIC,MIC,tabpfn,5,2,5,83,42,41,0.2857142857142857
46980_MIC,MIC,tabpfn,5,3,5,43,21,22,0.38095238095238093
46980_MIC,MIC,tabpfn,5,4,5,22,11,11,0.9090909090909091
credit_rating,credit_rating,lightgbm,1,0,10,293,136,157,0.1323529411764706
credit_rating,credit_rating,lightgbm,1,1,10,68,27,41,0.0
credit_rating,credit_rating,lightgbm,1,2,10,6,4,2,1.0
credit_rating,credit_rating,lightgbm,1,3,10,217,118,99,0.0
credit_rating,credit_rating,lightgbm,1,4,10,367,195,172,0.0
credit_rating,credit_rating,lightgbm,1,5,10,510,246,264,0.04878048780487805
credit_rating,credit_rating,lightgbm,1,6,10,2,1,1,1.0
credit_rating,credit_rating,lightgbm,1,7,10,5,4,1,1.0
credit_rating,credit_rating,lightgbm,1,8,10,52,29,23,1.0
credit_rating,credit_rating,lightgbm,1,9,10,1,0,1,
credit_rating,credit_rating,lightgbm,2,0,9,285,139,146,0.2589928057553957
credit_rating,credit_rating,lightgbm,2,1,9,69,42,27,0.0
credit_rating,credit_rating,lightgbm,2,2,9,6,4,2,1.0
credit_rating,credit_rating,lightgbm,2,3,9,220,99,121,0.7878787878787878
credit_rating,credit_rating,lightgbm,2,4,9,365,190,175,0.5105263157894737
credit_rating,credit_rating,lightgbm,2,5,9,521,267,254,0.3408239700374532
credit_rating,credit_rating,lightgbm,2,6,9,1,0,1,
credit_rating,credit_rating,lightgbm,2,7,9,3,1,2,1.0
credit_rating,credit_rating,lightgbm,2,8,9,51,18,33,1.0
credit_rating,credit_rating,lightgbm,3,0,10,308,147,161,0.25170068027210885
credit_rating,credit_rating,lightgbm,3,1,10,65,28,37,0.75
credit_rating,credit_rating,lightgbm,3,2,10,6,3,3,1.0
credit_rating,credit_rating,lightgbm,3,3,10,222,112,110,0.375
credit_rating,credit_rating,lightgbm,3,4,10,365,183,182,0.2568306010928962
credit_rating,credit_rating,lightgbm,3,5,10,494,254,240,0.14960629921259844
credit_rating,credit_rating,lightgbm,3,6,10,2,1,1,1.0
credit_rating,credit_rating,lightgbm,3,7,10,5,1,4,1.0
credit_rating,credit_rating,lightgbm,3,8,10,53,30,23,1.0
credit_rating,credit_rating,lightgbm,3,9,10,1,1,0,
credit_rating,credit_rating,lightgbm,4,0,9,296,168,128,0.22023809523809523
credit_rating,credit_rating,lightgbm,4,1,9,66,34,32,0.0
credit_rating,credit_rating,lightgbm,4,2,9,2,0,2,
credit_rating,credit_rating,lightgbm,4,3,9,229,115,114,0.5043478260869565
credit_rating,credit_rating,lightgbm,4,4,9,364,161,203,0.4409937888198758
credit_rating,credit_rating,lightgbm,4,5,9,506,254,252,0.20078740157480315
credit_rating,credit_rating,lightgbm,4,6,9,1,1,0,
credit_rating,credit_rating,lightgbm,4,7,9,5,2,3,1.0
credit_rating,credit_rating,lightgbm,4,8,9,52,25,27,0.96
credit_rating,credit_rating,lightgbm,5,0,10,313,158,155,0.22784810126582278
credit_rating,credit_rating,lightgbm,5,1,10,73,40,33,0.0
credit_rating,credit_rating,lightgbm,5,2,10,3,1,2,1.0
credit_rating,credit_rating,lightgbm,5,3,10,215,118,97,0.0
credit_rating,credit_rating,lightgbm,5,4,10,367,176,191,0.0
credit_rating,credit_rating,lightgbm,5,5,10,501,241,260,0.25311203319502074
credit_rating,credit_rating,lightgbm,5,6,10,1,0,1,
credit_rating,credit_rating,lightgbm,5,7,10,4,1,3,1.0
credit_rating,credit_rating,lightgbm,5,8,10,43,25,18,0.84
credit_rating,credit_rating,lightgbm,5,9,10,1,0,1,
credit_rating,credit_rating,mlp,1,0,10,293,136,157,0.022058823529411766
credit_rating,credit_rating,mlp,1,1,10,68,27,41,0.0
credit_rating,credit_rating,mlp,1,2,10,6,4,2,0.25
credit_rating,credit_rating,mlp,1,3,10,217,118,99,0.01694915254237288
credit_rating,credit_rating,mlp,1,4,10,367,195,172,0.02564102564102564
credit_rating,credit_rating,mlp,1,5,10,510,246,264,0.008130081300813009
credit_rating,credit_rating,mlp,1,6,10,2,1,1,0.0
credit_rating,credit_rating,mlp,1,7,10,5,4,1,1.0
credit_rating,credit_rating,mlp,1,8,10,52,29,23,0.034482758620689655
credit_rating,credit_rating,mlp,1,9,10,1,0,1,
credit_rating,credit_rating,mlp,2,0,9,285,139,146,0.0
credit_rating,credit_rating,mlp,2,1,9,69,42,27,0.0
credit_rating,credit_rating,mlp,2,2,9,6,4,2,0.75
credit_rating,credit_rating,mlp,2,3,9,220,99,121,0.0
credit_rating,credit_rating,mlp,2,4,9,365,190,175,0.0
credit_rating,credit_rating,mlp,2,5,9,521,267,254,0.0
credit_rating,credit_rating,mlp,2,6,9,1,0,1,
credit_rating,credit_rating,mlp,2,7,9,3,1,2,0.0
credit_rating,credit_rating,mlp,2,8,9,51,18,33,0.0
credit_rating,credit_rating,mlp,3,0,10,308,147,161,0.0
credit_rating,credit_rating,mlp,3,1,10,65,28,37,0.0
credit_rating,credit_rating,mlp,3,2,10,6,3,3,0.0
credit_rating,credit_rating,mlp,3,3,10,222,112,110,0.017857142857142856
credit_rating,credit_rating,mlp,3,4,10,365,183,182,0.04918032786885246
credit_rating,credit_rating,mlp,3,5,10,494,254,240,0.015748031496062992
credit_rating,credit_rating,mlp,3,6,10,2,1,1,0.0
credit_rating,credit_rating,mlp,3,7,10,5,1,4,1.0
credit_rating,credit_rating,mlp,3,8,10,53,30,23,0.13333333333333333
credit_rating,credit_rating,mlp,3,9,10,1,1,0,
credit_rating,credit_rating,mlp,4,0,9,296,168,128,0.011904761904761904
credit_rating,credit_rating,mlp,4,1,9,66,34,32,0.058823529411764705
credit_rating,credit_rating,mlp,4,2,9,2,0,2,
credit_rating,credit_rating,mlp,4,3,9,229,115,114,0.0
credit_rating,credit_rating,mlp,4,4,9,364,161,203,0.0
credit_rating,credit_rating,mlp,4,5,9,506,254,252,0.007874015748031496
credit_rating,credit_rating,mlp,4,6,9,1,1,0,
credit_rating,credit_rating,mlp,4,7,9,5,2,3,0.5
credit_rating,credit_rating,mlp,4,8,9,52,25,27,0.04
credit_rating,credit_rating,mlp,5,0,10,313,158,155,0.02531645569620253
credit_rating,credit_rating,mlp,5,1,10,73,40,33,0.025
credit_rating,credit_rating,mlp,5,2,10,3,1,2,1.0
credit_rating,credit_rating,mlp,5,3,10,215,118,97,0.0
credit_rating,credit_rating,mlp,5,4,10,367,176,191,0.028409090909090908
credit_rating,credit_rating,mlp,5,5,10,501,241,260,0.008298755186721992
credit_rating,credit_rating,mlp,5,6,10,1,0,1,
credit_rating,credit_rating,mlp,5,7,10,4,1,3,0.0
credit_rating,credit_rating,mlp,5,8,10,43,25,18,0.4
credit_rating,credit_rating,mlp,5,9,10,1,0,1,
credit_rating,credit_rating,real-tabpfn,1,0,10,293,136,157,0.21323529411764705
credit_rating,credit_rating,real-tabpfn,1,1,10,68,27,41,0.1111111111111111
credit_rating,credit_rating,real-tabpfn,1,2,10,6,4,2,0.5
credit_rating,credit_rating,real-tabpfn,1,3,10,217,118,99,0.6271186440677966
credit_rating,credit_rating,real-tabpfn,1,4,10,367,195,172,0.06666666666666667
credit_rating,credit_rating,real-tabpfn,1,5,10,510,246,264,0.17886178861788618
credit_rating,credit_rating,real-tabpfn,1,6,10,2,1,1,1.0
credit_rating,credit_rating,real-tabpfn,1,7,10,5,4,1,1.0
credit_rating,credit_rating,real-tabpfn,1,8,10,52,29,23,0.8620689655172413
credit_rating,credit_rating,real-tabpfn,1,9,10,1,0,1,
credit_rating,credit_rating,real-tabpfn,2,0,9,285,139,146,0.0
credit_rating,credit_rating,real-tabpfn,2,1,9,69,42,27,0.5714285714285714
credit_rating,credit_rating,real-tabpfn,2,2,9,6,4,2,1.0
credit_rating,credit_rating,real-tabpfn,2,3,9,220,99,121,0.7575757575757576
credit_rating,credit_rating,real-tabpfn,2,4,9,365,190,175,0.15263157894736842
credit_rating,credit_rating,real-tabpfn,2,5,9,521,267,254,0.11235955056179775
credit_rating,credit_rating,real-tabpfn,2,6,9,1,0,1,
credit_rating,credit_rating,real-tabpfn,2,7,9,3,1,2,1.0
credit_rating,credit_rating,real-tabpfn,2,8,9,51,18,33,0.8888888888888888
credit_rating,credit_rating,real-tabpfn,3,0,10,308,147,161,0.14965986394557823
credit_rating,credit_rating,real-tabpfn,3,1,10,65,28,37,0.39285714285714285
credit_rating,credit_rating,real-tabpfn,3,2,10,6,3,3,0.6666666666666666
credit_rating,credit_rating,real-tabpfn,3,3,10,222,112,110,0.2857142857142857
credit_rating,credit_rating,real-tabpfn,3,4,10,365,183,182,0.0
credit_rating,credit_rating,real-tabpfn,3,5,10,494,254,240,0.3228346456692913
credit_rating,credit_rating,real-tabpfn,3,6,10,2,1,1,1.0
credit_rating,credit_rating,real-tabpfn,3,7,10,5,1,4,1.0
credit_rating,credit_rating,real-tabpfn,3,8,10,53,30,23,0.9333333333333333
credit_rating,credit_rating,real-tabpfn,3,9,10,1,1,0,
credit_rating,credit_rating,real-tabpfn,4,0,9,296,168,128,0.19642857142857142
credit_rating,credit_rating,real-tabpfn,4,1,9,66,34,32,0.0
credit_rating,credit_rating,real-tabpfn,4,2,9,2,0,2,
credit_rating,credit_rating,real-tabpfn,4,3,9,229,115,114,0.5652173913043478
credit_rating,credit_rating,real-tabpfn,4,4,9,364,161,203,0.18633540372670807
credit_rating,credit_rating,real-tabpfn,4,5,9,506,254,252,0.39763779527559057
credit_rating,credit_rating,real-tabpfn,4,6,9,1,1,0,
credit_rating,credit_rating,real-tabpfn,4,7,9,5,2,3,1.0
credit_rating,credit_rating,real-tabpfn,4,8,9,52,25,27,0.84
credit_rating,credit_rating,real-tabpfn,5,0,10,313,158,155,0.04430379746835443
credit_rating,credit_rating,real-tabpfn,5,1,10,73,40,33,0.125
credit_rating,credit_rating,real-tabpfn,5,2,10,3,1,2,1.0
credit_rating,credit_rating,real-tabpfn,5,3,10,215,118,97,0.0
credit_rating,credit_rating,real-tabpfn,5,4,10,367,176,191,0.6193181818181818
credit_rating,credit_rating,real-tabpfn,5,5,10,501,241,260,0.22406639004149378
credit_rating,credit_rating,real-tabpfn,5,6,10,1,0,1,
credit_rating,credit_rating,real-tabpfn,5,7,10,4,1,3,1.0
credit_rating,credit_rating,real-tabpfn,5,8,10,43,25,18,0.6
credit_rating,credit_rating,real-tabpfn,5,9,10,1,0,1,
credit_rating,credit_rating,rf,1,0,10,293,136,157,0.5073529411764706
credit_rating,credit_rating,rf,1,1,10,68,27,41,0.0
credit_rating,credit_rating,rf,1,2,10,6,4,2,1.0
credit_rating,credit_rating,rf,1,3,10,217,118,99,0.7457627118644068
credit_rating,credit_rating,rf,1,4,10,367,195,172,0.7128205128205128
credit_rating,credit_rating,rf,1,5,10,510,246,264,0.6341463414634146
credit_rating,credit_rating,rf,1,6,10,2,1,1,1.0
credit_rating,credit_rating,rf,1,7,10,5,4,1,1.0
credit_rating,credit_rating,rf,1,8,10,52,29,23,1.0
credit_rating,credit_rating,rf,1,9,10,1,0,1,
credit_rating,credit_rating,rf,2,0,9,285,139,146,0.38848920863309355
credit_rating,credit_rating,rf,2,1,9,69,42,27,0.9285714285714286
credit_rating,credit_rating,rf,2,2,9,6,4,2,1.0
credit_rating,credit_rating,rf,2,3,9,220,99,121,0.8282828282828283
credit_rating,credit_rating,rf,2,4,9,365,190,175,0.4842105263157895
credit_rating,credit_rating,rf,2,5,9,521,267,254,0.6067415730337079
credit_rating,credit_rating,rf,2,6,9,1,0,1,
credit_rating,credit_rating,rf,2,7,9,3,1,2,1.0
credit_rating,credit_rating,rf,2,8,9,51,18,33,0.9444444444444444
credit_rating,credit_rating,rf,3,0,10,308,147,161,0.5102040816326531
credit_rating,credit_rating,rf,3,1,10,65,28,37,0.9285714285714286
credit_rating,credit_rating,rf,3,2,10,6,3,3,1.0
credit_rating,credit_rating,rf,3,3,10,222,112,110,0.8660714285714286
credit_rating,credit_rating,rf,3,4,10,365,183,182,0.19672131147540983
credit_rating,credit_rating,rf,3,5,10,494,254,240,0.3661417322834646
credit_rating,credit_rating,rf,3,6,10,2,1,1,1.0
credit_rating,credit_rating,rf,3,7,10,5,1,4,1.0
credit_rating,credit_rating,rf,3,8,10,53,30,23,1.0
credit_rating,credit_rating,rf,3,9,10,1,1,0,
credit_rating,credit_rating,rf,4,0,9,296,168,128,0.0
credit_rating,credit_rating,rf,4,1,9,66,34,32,0.7352941176470589
credit_rating,credit_rating,rf,4,2,9,2,0,2,
credit_rating,credit_rating,rf,4,3,9,229,115,114,0.6173913043478261
credit_rating,credit_rating,rf,4,4,9,364,161,203,0.8757763975155279
credit_rating,credit_rating,rf,4,5,9,506,254,252,0.9212598425196851
credit_rating,credit_rating,rf,4,6,9,1,1,0,
credit_rating,credit_rating,rf,4,7,9,5,2,3,1.0
credit_rating,credit_rating,rf,4,8,9,52,25,27,0.96
credit_rating,credit_rating,rf,5,0,10,313,158,155,0.0
credit_rating,credit_rating,rf,5,1,10,73,40,33,0.0
credit_rating,credit_rating,rf,5,2,10,3,1,2,1.0
credit_rating,credit_rating,rf,5,3,10,215,118,97,0.0
credit_rating,credit_rating,rf,5,4,10,367,176,191,0.7556818181818182
credit_rating,credit_rating,rf,5,5,10,501,241,260,0.3900414937759336
credit_rating,credit_rating,rf,5,6,10,1,0,1,
credit_rating,credit_rating,rf,5,7,10,4,1,3,1.0
credit_rating,credit_rating,rf,5,8,10,43,25,18,0.8
credit_rating,credit_rating,rf,5,9,10,1,0,1,
credit_rating,credit_rating,tabdpt,1,0,10,293,136,157,0.22058823529411764
credit_rating,credit_rating,tabdpt,1,1,10,68,27,41,0.4444444444444444
credit_rating,credit_rating,tabdpt,1,2,10,6,4,2,0.5
credit_rating,credit_rating,tabdpt,1,3,10,217,118,99,0.8220338983050848
credit_rating,credit_rating,tabdpt,1,4,10,367,195,172,0.3282051282051282
credit_rating,credit_rating,tabdpt,1,5,10,510,246,264,0.34146341463414637
credit_rating,credit_rating,tabdpt,1,6,10,2,1,1,1.0
credit_rating,credit_rating,tabdpt,1,7,10,5,4,1,1.0
credit_rating,credit_rating,tabdpt,1,8,10,52,29,23,1.0
credit_rating,credit_rating,tabdpt,1,9,10,1,0,1,
credit_rating,credit_rating,tabdpt,2,0,9,285,139,146,0.0
credit_rating,credit_rating,tabdpt,2,1,9,69,42,27,0.0
credit_rating,credit_rating,tabdpt,2,2,9,6,4,2,0.5
credit_rating,credit_rating,tabdpt,2,3,9,220,99,121,0.8282828282828283
credit_rating,credit_rating,tabdpt,2,4,9,365,190,175,0.7052631578947368
credit_rating,credit_rating,tabdpt,2,5,9,521,267,254,0.2247191011235955
credit_rating,credit_rating,tabdpt,2,6,9,1,0,1,
credit_rating,credit_rating,tabdpt,2,7,9,3,1,2,1.0
credit_rating,credit_rating,tabdpt,2,8,9,51,18,33,0.9444444444444444
credit_rating,credit_rating,tabdpt,3,0,10,308,147,161,0.11564625850340136
credit_rating,credit_rating,tabdpt,3,1,10,65,28,37,0.75
credit_rating,credit_rating,tabdpt,3,2,10,6,3,3,1.0
credit_rating,credit_rating,tabdpt,3,3,10,222,112,110,0.29464285714285715
credit_rating,credit_rating,tabdpt,3,4,10,365,183,182,0.060109289617486336
credit_rating,credit_rating,tabdpt,3,5,10,494,254,240,0.6259842519685039
credit_rating,credit_rating,tabdpt,3,6,10,2,1,1,1.0
credit_rating,credit_rating,tabdpt,3,7,10,5,1,4,1.0
credit_rating,credit_rating,tabdpt,3,8,10,53,30,23,1.0
credit_rating,credit_rating,tabdpt,3,9,10,1,1,0,
credit_rating,credit_rating,tabdpt,4,0,9,296,168,128,0.39880952380952384
credit_rating,credit_rating,tabdpt,4,1,9,66,34,32,0.7058823529411765
credit_rating,credit_rating,tabdpt,4,2,9,2,0,2,
credit_rating,credit_rating,tabdpt,4,3,9,229,115,114,0.6782608695652174
credit_rating,credit_rating,tabdpt,4,4,9,364,161,203,0.7639751552795031
credit_rating,credit_rating,tabdpt,4,5,9,506,254,252,0.5787401574803149
credit_rating,credit_rating,tabdpt,4,6,9,1,1,0,
credit_rating,credit_rating,tabdpt,4,7,9,5,2,3,1.0
credit_rating,credit_rating,tabdpt,4,8,9,52,25,27,1.0
credit_rating,credit_rating,tabdpt,5,0,10,313,158,155,0.2848101265822785
credit_rating,credit_rating,tabdpt,5,1,10,73,40,33,0.0
credit_rating,credit_rating,tabdpt,5,2,10,3,1,2,1.0
credit_rating,credit_rating,tabdpt,5,3,10,215,118,97,0.0
credit_rating,credit_rating,tabdpt,5,4,10,367,176,191,0.7443181818181818
credit_rating,credit_rating,tabdpt,5,5,10,501,241,260,0.21991701244813278
credit_rating,credit_rating,tabdpt,5,6,10,1,0,1,
credit_rating,credit_rating,tabdpt,5,7,10,4,1,3,1.0
credit_rating,credit_rating,tabdpt,5,8,10,43,25,18,0.96
credit_rating,credit_rating,tabdpt,5,9,10,1,0,1,
credit_rating,credit_rating,tabicl,1,0,10,293,136,157,0.375
credit_rating,credit_rating,tabicl,1,1,10,68,27,41,0.6296296296296297
credit_rating,credit_rating,tabicl,1,2,10,6,4,2,0.5
credit_rating,credit_rating,tabicl,1,3,10,217,118,99,0.635593220338983
credit_rating,credit_rating,tabicl,1,4,10,367,195,172,0.37948717948717947
credit_rating,credit_rating,tabicl,1,5,10,510,246,264,0.4349593495934959
credit_rating,credit_rating,tabicl,1,6,10,2,1,1,1.0
credit_rating,credit_rating,tabicl,1,7,10,5,4,1,1.0
credit_rating,credit_rating,tabicl,1,8,10,52,29,23,0.9310344827586207
credit_rating,credit_rating,tabicl,1,9,10,1,0,1,
credit_rating,credit_rating,tabicl,2,0,9,285,139,146,0.19424460431654678
credit_rating,credit_rating,tabicl,2,1,9,69,42,27,0.6190476190476191
credit_rating,credit_rating,tabicl,2,2,9,6,4,2,1.0
credit_rating,credit_rating,tabicl,2,3,9,220,99,121,1.0
credit_rating,credit_rating,tabicl,2,4,9,365,190,175,0.8157894736842105
credit_rating,credit_rating,tabicl,2,5,9,521,267,254,0.3146067415730337
credit_rating,credit_rating,tabicl,2,6,9,1,0,1,
credit_rating,credit_rating,tabicl,2,7,9,3,1,2,1.0
credit_rating,credit_rating,tabicl,2,8,9,51,18,33,1.0
credit_rating,credit_rating,tabicl,3,0,10,308,147,161,0.2653061224489796
credit_rating,credit_rating,tabicl,3,1,10,65,28,37,0.5714285714285714
credit_rating,credit_rating,tabicl,3,2,10,6,3,3,1.0
credit_rating,credit_rating,tabicl,3,3,10,222,112,110,0.6071428571428571
credit_rating,credit_rating,tabicl,3,4,10,365,183,182,0.0
credit_rating,credit_rating,tabicl,3,5,10,494,254,240,0.5511811023622047
credit_rating,credit_rating,tabicl,3,6,10,2,1,1,1.0
credit_rating,credit_rating,tabicl,3,7,10,5,1,4,1.0
credit_rating,credit_rating,tabicl,3,8,10,53,30,23,1.0
credit_rating,credit_rating,tabicl,3,9,10,1,1,0,
credit_rating,credit_rating,tabicl,4,0,9,296,168,128,0.40476190476190477
credit_rating,credit_rating,tabicl,4,1,9,66,34,32,0.2647058823529412
credit_rating,credit_rating,tabicl,4,2,9,2,0,2,
credit_rating,credit_rating,tabicl,4,3,9,229,115,114,0.7391304347826086
credit_rating,credit_rating,tabicl,4,4,9,364,161,203,0.9565217391304348
credit_rating,credit_rating,tabicl,4,5,9,506,254,252,0.7204724409448819
credit_rating,credit_rating,tabicl,4,6,9,1,1,0,
credit_rating,credit_rating,tabicl,4,7,9,5,2,3,1.0
credit_rating,credit_rating,tabicl,4,8,9,52,25,27,1.0
credit_rating,credit_rating,tabicl,5,0,10,313,158,155,0.27848101265822783
credit_rating,credit_rating,tabicl,5,1,10,73,40,33,0.6
credit_rating,credit_rating,tabicl,5,2,10,3,1,2,1.0
credit_rating,credit_rating,tabicl,5,3,10,215,118,97,0.0
credit_rating,credit_rating,tabicl,5,4,10,367,176,191,0.4318181818181818
credit_rating,credit_rating,tabicl,5,5,10,501,241,260,0.45643153526970953
credit_rating,credit_rating,tabicl,5,6,10,1,0,1,
credit_rating,credit_rating,tabicl,5,7,10,4,1,3,1.0
credit_rating,credit_rating,tabicl,5,8,10,43,25,18,1.0
credit_rating,credit_rating,tabicl,5,9,10,1,0,1,
credit_rating,credit_rating,tabnet,1,0,10,293,136,157,0.0
credit_rating,credit_rating,tabnet,1,1,10,68,27,41,0.037037037037037035
credit_rating,credit_rating,tabnet,1,2,10,6,4,2,0.0
credit_rating,credit_rating,tabnet,1,3,10,217,118,99,0.07627118644067797
credit_rating,credit_rating,tabnet,1,4,10,367,195,172,0.005128205128205128
credit_rating,credit_rating,tabnet,1,5,10,510,246,264,0.0
credit_rating,credit_rating,tabnet,1,6,10,2,1,1,1.0
credit_rating,credit_rating,tabnet,1,7,10,5,4,1,0.75
credit_rating,credit_rating,tabnet,1,8,10,52,29,23,0.1724137931034483
credit_rating,credit_rating,tabnet,1,9,10,1,0,1,
credit_rating,credit_rating,tabnet,2,0,9,285,139,146,0.02877697841726619
credit_rating,credit_rating,tabnet,2,1,9,69,42,27,0.09523809523809523
credit_rating,credit_rating,tabnet,2,2,9,6,4,2,1.0
credit_rating,credit_rating,tabnet,2,3,9,220,99,121,0.020202020202020204
credit_rating,credit_rating,tabnet,2,4,9,365,190,175,0.021052631578947368
credit_rating,credit_rating,tabnet,2,5,9,521,267,254,0.026217228464419477
credit_rating,credit_rating,tabnet,2,6,9,1,0,1,
credit_rating,credit_rating,tabnet,2,7,9,3,1,2,0.0
credit_rating,credit_rating,tabnet,2,8,9,51,18,33,0.0
credit_rating,credit_rating,tabnet,3,0,10,308,147,161,0.013605442176870748
credit_rating,credit_rating,tabnet,3,1,10,65,28,37,0.0
credit_rating,credit_rating,tabnet,3,2,10,6,3,3,0.3333333333333333
credit_rating,credit_rating,tabnet,3,3,10,222,112,110,0.008928571428571428
credit_rating,credit_rating,tabnet,3,4,10,365,183,182,0.04918032786885246
credit_rating,credit_rating,tabnet,3,5,10,494,254,240,0.07086614173228346
credit_rating,credit_rating,tabnet,3,6,10,2,1,1,1.0
credit_rating,credit_rating,tabnet,3,7,10,5,1,4,1.0
credit_rating,credit_rating,tabnet,3,8,10,53,30,23,0.0
credit_rating,credit_rating,tabnet,3,9,10,1,1,0,
credit_rating,credit_rating,tabnet,4,0,9,296,168,128,0.0
credit_rating,credit_rating,tabnet,4,1,9,66,34,32,0.0
credit_rating,credit_rating,tabnet,4,2,9,2,0,2,
credit_rating,credit_rating,tabnet,4,3,9,229,115,114,0.0
credit_rating,credit_rating,tabnet,4,4,9,364,161,203,0.049689440993788817
credit_rating,credit_rating,tabnet,4,5,9,506,254,252,0.003937007874015748
credit_rating,credit_rating,tabnet,4,6,9,1,1,0,
credit_rating,credit_rating,tabnet,4,7,9,5,2,3,0.5
credit_rating,credit_rating,tabnet,4,8,9,52,25,27,0.08
credit_rating,credit_rating,tabnet,5,0,10,313,158,155,0.0
credit_rating,credit_rating,tabnet,5,1,10,73,40,33,0.0
credit_rating,credit_rating,tabnet,5,2,10,3,1,2,1.0
credit_rating,credit_rating,tabnet,5,3,10,215,118,97,0.025423728813559324
credit_rating,credit_rating,tabnet,5,4,10,367,176,191,0.017045454545454544
credit_rating,credit_rating,tabnet,5,5,10,501,241,260,0.004149377593360996
credit_rating,credit_rating,tabnet,5,6,10,1,0,1,
credit_rating,credit_rating,tabnet,5,7,10,4,1,3,1.0
credit_rating,credit_rating,tabnet,5,8,10,43,25,18,0.12
credit_rating,credit_rating,tabnet,5,9,10,1,0,1,
credit_rating,credit_rating,tabpfn,1,0,10,293,136,157,0.22794117647058823
credit_rating,credit_rating,tabpfn,1,1,10,68,27,41,0.1111111111111111
credit_rating,credit_rating,tabpfn,1,2,10,6,4,2,0.5
credit_rating,credit_rating,tabpfn,1,3,10,217,118,99,0.5169491525423728
credit_rating,credit_rating,tabpfn,1,4,10,367,195,172,0.06666666666666667
credit_rating,credit_rating,tabpfn,1,5,10,510,246,264,0.25203252032520324
credit_rating,credit_rating,tabpfn,1,6,10,2,1,1,1.0
credit_rating,credit_rating,tabpfn,1,7,10,5,4,1,1.0
credit_rating,credit_rating,tabpfn,1,8,10,52,29,23,0.8620689655172413
credit_rating,credit_rating,tabpfn,1,9,10,1,0,1,
credit_rating,credit_rating,tabpfn,2,0,9,285,139,146,0.0
credit_rating,credit_rating,tabpfn,2,1,9,69,42,27,0.6904761904761905
credit_rating,credit_rating,tabpfn,2,2,9,6,4,2,0.5
credit_rating,credit_rating,tabpfn,2,3,9,220,99,121,0.696969696969697
credit_rating,credit_rating,tabpfn,2,4,9,365,190,175,0.24736842105263157
credit_rating,credit_rating,tabpfn,2,5,9,521,267,254,0.18726591760299627
credit_rating,credit_rating,tabpfn,2,6,9,1,0,1,
credit_rating,credit_rating,tabpfn,2,7,9,3,1,2,1.0
credit_rating,credit_rating,tabpfn,2,8,9,51,18,33,0.9444444444444444
credit_rating,credit_rating,tabpfn,3,0,10,308,147,161,0.1360544217687075
credit_rating,credit_rating,tabpfn,3,1,10,65,28,37,0.39285714285714285
credit_rating,credit_rating,tabpfn,3,2,10,6,3,3,0.6666666666666666
credit_rating,credit_rating,tabpfn,3,3,10,222,112,110,0.22321428571428573
credit_rating,credit_rating,tabpfn,3,4,10,365,183,182,0.0
credit_rating,credit_rating,tabpfn,3,5,10,494,254,240,0.3346456692913386
credit_rating,credit_rating,tabpfn,3,6,10,2,1,1,1.0
credit_rating,credit_rating,tabpfn,3,7,10,5,1,4,1.0
credit_rating,credit_rating,tabpfn,3,8,10,53,30,23,0.9666666666666667
credit_rating,credit_rating,tabpfn,3,9,10,1,1,0,
credit_rating,credit_rating,tabpfn,4,0,9,296,168,128,0.14285714285714285
credit_rating,credit_rating,tabpfn,4,1,9,66,34,32,0.0
credit_rating,credit_rating,tabpfn,4,2,9,2,0,2,
credit_rating,credit_rating,tabpfn,4,3,9,229,115,114,0.5478260869565217
credit_rating,credit_rating,tabpfn,4,4,9,364,161,203,0.2111801242236025
credit_rating,credit_rating,tabpfn,4,5,9,506,254,252,0.2874015748031496
credit_rating,credit_rating,tabpfn,4,6,9,1,1,0,
credit_rating,credit_rating,tabpfn,4,7,9,5,2,3,1.0
credit_rating,credit_rating,tabpfn,4,8,9,52,25,27,0.84
credit_rating,credit_rating,tabpfn,5,0,10,313,158,155,0.0379746835443038
credit_rating,credit_rating,tabpfn,5,1,10,73,40,33,0.375
credit_rating,credit_rating,tabpfn,5,2,10,3,1,2,1.0
credit_rating,credit_rating,tabpfn,5,3,10,215,118,97,0.0
credit_rating,credit_rating,tabpfn,5,4,10,367,176,191,0.5056818181818182
credit_rating,credit_rating,tabpfn,5,5,10,501,241,260,0.2157676348547718
credit_rating,credit_rating,tabpfn,5,6,10,1,0,1,
credit_rating,credit_rating,tabpfn,5,7,10,4,1,3,1.0
credit_rating,credit_rating,tabpfn,5,8,10,43,25,18,0.6
credit_rating,credit_rating,tabpfn,5,9,10,1,0,1,
dropout_success,dropout_success,lightgbm,1,0,3,1086,543,543,0.16758747697974216
dropout_success,dropout_success,lightgbm,1,1,3,604,302,302,0.4105960264900662
dropout_success,dropout_success,lightgbm,1,2,3,1628,814,814,0.042997542997543
dropout_success,dropout_success,lightgbm,2,0,3,1070,535,535,0.15514018691588785
dropout_success,dropout_success,lightgbm,2,1,3,580,290,290,0.07586206896551724
dropout_success,dropout_success,lightgbm,2,2,3,1668,834,834,0.07553956834532374
dropout_success,dropout_success,lightgbm,3,0,3,1052,526,526,0.11406844106463879
dropout_success,dropout_success,lightgbm,3,1,3,592,296,296,0.23986486486486486
dropout_success,dropout_success,lightgbm,3,2,3,1674,837,837,0.07287933094384708
dropout_success,dropout_success,lightgbm,4,0,3,1060,530,530,0.04339622641509434
dropout_success,dropout_success,lightgbm,4,1,3,598,299,299,0.08361204013377926
dropout_success,dropout_success,lightgbm,4,2,3,1660,830,830,0.06385542168674699
dropout_success,dropout_success,lightgbm,5,0,3,1056,528,528,0.14583333333333334
dropout_success,dropout_success,lightgbm,5,1,3,611,306,305,0.2777777777777778
dropout_success,dropout_success,lightgbm,5,2,3,1651,825,826,0.08484848484848485
dropout_success,dropout_success,mlp,1,0,3,1086,543,543,0.022099447513812154
dropout_success,dropout_success,mlp,1,1,3,604,302,302,0.033112582781456956
dropout_success,dropout_success,mlp,1,2,3,1628,814,814,0.0085995085995086
dropout_success,dropout_success,mlp,2,0,3,1070,535,535,0.026168224299065422
dropout_success,dropout_success,mlp,2,1,3,580,290,290,0.013793103448275862
dropout_success,dropout_success,mlp,2,2,3,1668,834,834,0.013189448441247002
dropout_success,dropout_success,mlp,3,0,3,1052,526,526,0.0
dropout_success,dropout_success,mlp,3,1,3,592,296,296,0.06418918918918919
dropout_success,dropout_success,mlp,3,2,3,1674,837,837,0.03106332138590203
dropout_success,dropout_success,mlp,4,0,3,1060,530,530,0.013207547169811321
dropout_success,dropout_success,mlp,4,1,3,598,299,299,0.046822742474916385
dropout_success,dropout_success,mlp,4,2,3,1660,830,830,0.00963855421686747
dropout_success,dropout_success,mlp,5,0,3,1056,528,528,0.022727272727272728
dropout_success,dropout_success,mlp,5,1,3,611,306,305,0.0718954248366013
dropout_success,dropout_success,mlp,5,2,3,1651,825,826,0.01696969696969697
dropout_success,dropout_success,real-tabpfn,1,0,3,1086,543,543,0.1252302025782689
dropout_success,dropout_success,real-tabpfn,1,1,3,604,302,302,0.056291390728476824
dropout_success,dropout_success,real-tabpfn,1,2,3,1628,814,814,0.033169533169533166
dropout_success,dropout_success,real-tabpfn,2,0,3,1070,535,535,0.10093457943925234
dropout_success,dropout_success,real-tabpfn,2,1,3,580,290,290,0.1103448275862069
dropout_success,dropout_success,real-tabpfn,2,2,3,1668,834,834,0.06594724220623502
dropout_success,dropout_success,real-tabpfn,3,0,3,1052,526,526,0.0741444866920152
dropout_success,dropout_success,real-tabpfn,3,1,3,592,296,296,0.09797297297297297
dropout_success,dropout_success,real-tabpfn,3,2,3,1674,837,837,0.06929510155316607
dropout_success,dropout_success,real-tabpfn,4,0,3,1060,530,530,0.11132075471698114
dropout_success,dropout_success,real-tabpfn,4,1,3,598,299,299,0.08361204013377926
dropout_success,dropout_success,real-tabpfn,4,2,3,1660,830,830,0.04578313253012048
dropout_success,dropout_success,real-tabpfn,5,0,3,1056,528,528,0.056818181818181816
dropout_success,dropout_success,real-tabpfn,5,1,3,611,306,305,0.16993464052287582
dropout_success,dropout_success,real-tabpfn,5,2,3,1651,825,826,0.03272727272727273
dropout_success,dropout_success,rf,1,0,3,1086,543,543,0.1141804788213628
dropout_success,dropout_success,rf,1,1,3,604,302,302,0.23178807947019867
dropout_success,dropout_success,rf,1,2,3,1628,814,814,0.060196560196560195
dropout_success,dropout_success,rf,2,0,3,1070,535,535,0.27102803738317754
dropout_success,dropout_success,rf,2,1,3,580,290,290,0.39655172413793105
dropout_success,dropout_success,rf,2,2,3,1668,834,834,0.13309352517985612
dropout_success,dropout_success,rf,3,0,3,1052,526,526,0.3935361216730038
dropout_success,dropout_success,rf,3,1,3,592,296,296,0.7804054054054054
dropout_success,dropout_success,rf,3,2,3,1674,837,837,0.14575866188769415
dropout_success,dropout_success,rf,4,0,3,1060,530,530,0.4018867924528302
dropout_success,dropout_success,rf,4,1,3,598,299,299,0.9364548494983278
dropout_success,dropout_success,rf,4,2,3,1660,830,830,0.26024096385542167
dropout_success,dropout_success,rf,5,0,3,1056,528,528,0.1553030303030303
dropout_success,dropout_success,rf,5,1,3,611,306,305,0.5588235294117647
dropout_success,dropout_success,rf,5,2,3,1651,825,826,0.07515151515151515
dropout_success,dropout_success,tabdpt,1,0,3,1086,543,543,0.4622467771639042
dropout_success,dropout_success,tabdpt,1,1,3,604,302,302,0.9668874172185431
dropout_success,dropout_success,tabdpt,1,2,3,1628,814,814,0.5196560196560197
dropout_success,dropout_success,tabdpt,2,0,3,1070,535,535,0.43177570093457945
dropout_success,dropout_success,tabdpt,2,1,3,580,290,290,0.9862068965517241
dropout_success,dropout_success,tabdpt,2,2,3,1668,834,834,0.645083932853717
dropout_success,dropout_success,tabdpt,3,0,3,1052,526,526,0.0
dropout_success,dropout_success,tabdpt,3,1,3,592,296,296,0.9932432432432432
dropout_success,dropout_success,tabdpt,3,2,3,1674,837,837,0.5459976105137395
dropout_success,dropout_success,tabdpt,4,0,3,1060,530,530,0.47735849056603774
dropout_success,dropout_success,tabdpt,4,1,3,598,299,299,0.9899665551839465
dropout_success,dropout_success,tabdpt,4,2,3,1660,830,830,0.472289156626506
dropout_success,dropout_success,tabdpt,5,0,3,1056,528,528,0.5757575757575758
dropout_success,dropout_success,tabdpt,5,1,3,611,306,305,0.9771241830065359
dropout_success,dropout_success,tabdpt,5,2,3,1651,825,826,0.6060606060606061
dropout_success,dropout_success,tabicl,1,0,3,1086,543,543,0.27808471454880296
dropout_success,dropout_success,tabicl,1,1,3,604,302,302,0.33774834437086093
dropout_success,dropout_success,tabicl,1,2,3,1628,814,814,0.14987714987714987
dropout_success,dropout_success,tabicl,2,0,3,1070,535,535,0.18317757009345795
dropout_success,dropout_success,tabicl,2,1,3,580,290,290,0.30344827586206896
dropout_success,dropout_success,tabicl,2,2,3,1668,834,834,0.14628297362110312
dropout_success,dropout_success,tabicl,3,0,3,1052,526,526,0.1311787072243346
dropout_success,dropout_success,tabicl,3,1,3,592,296,296,0.7297297297297297
dropout_success,dropout_success,tabicl,3,2,3,1674,837,837,0.23894862604540024
dropout_success,dropout_success,tabicl,4,0,3,1060,530,530,0.29056603773584905
dropout_success,dropout_success,tabicl,4,1,3,598,299,299,0.4983277591973244
dropout_success,dropout_success,tabicl,4,2,3,1660,830,830,0.14457831325301204
dropout_success,dropout_success,tabicl,5,0,3,1056,528,528,0.22916666666666666
dropout_success,dropout_success,tabicl,5,1,3,611,306,305,0.8300653594771242
dropout_success,dropout_success,tabicl,5,2,3,1651,825,826,0.18303030303030304
dropout_success,dropout_success,tabnet,1,0,3,1086,543,543,0.016574585635359115
dropout_success,dropout_success,tabnet,1,1,3,604,302,302,0.06291390728476821
dropout_success,dropout_success,tabnet,1,2,3,1628,814,814,0.013513513513513514
dropout_success,dropout_success,tabnet,2,0,3,1070,535,535,0.009345794392523364
dropout_success,dropout_success,tabnet,2,1,3,580,290,290,0.0896551724137931
dropout_success,dropout_success,tabnet,2,2,3,1668,834,834,0.03597122302158273
dropout_success,dropout_success,tabnet,3,0,3,1052,526,526,0.045627376425855515
dropout_success,dropout_success,tabnet,3,1,3,592,296,296,0.0
dropout_success,dropout_success,tabnet,3,2,3,1674,837,837,0.0023894862604540022
dropout_success,dropout_success,tabnet,4,0,3,1060,530,530,0.013207547169811321
dropout_success,dropout_success,tabnet,4,1,3,598,299,299,0.020066889632107024
dropout_success,dropout_success,tabnet,4,2,3,1660,830,830,0.008433734939759036
dropout_success,dropout_success,tabnet,5,0,3,1056,528,528,0.007575757575757576
dropout_success,dropout_success,tabnet,5,1,3,611,306,305,0.02287581699346405
dropout_success,dropout_success,tabnet,5,2,3,1651,825,826,0.03878787878787879
dropout_success,dropout_success,tabpfn,1,0,3,1086,543,543,0.13443830570902393
dropout_success,dropout_success,tabpfn,1,1,3,604,302,302,0.052980132450331126
dropout_success,dropout_success,tabpfn,1,2,3,1628,814,814,0.033169533169533166
dropout_success,dropout_success,tabpfn,2,0,3,1070,535,535,0.08598130841121496
dropout_success,dropout_success,tabpfn,2,1,3,580,290,290,0.10344827586206896
dropout_success,dropout_success,tabpfn,2,2,3,1668,834,834,0.06354916067146282
dropout_success,dropout_success,tabpfn,3,0,3,1052,526,526,0.07224334600760456
dropout_success,dropout_success,tabpfn,3,1,3,592,296,296,0.0945945945945946
dropout_success,dropout_success,tabpfn,3,2,3,1674,837,837,0.06690561529271206
dropout_success,dropout_success,tabpfn,4,0,3,1060,530,530,0.10943396226415095
dropout_success,dropout_success,tabpfn,4,1,3,598,299,299,0.07023411371237458
dropout_success,dropout_success,tabpfn,4,2,3,1660,830,830,0.03734939759036145
dropout_success,dropout_success,tabpfn,5,0,3,1056,528,528,0.06628787878787878
dropout_success,dropout_success,tabpfn,5,1,3,611,306,305,0.16013071895424835
dropout_success,dropout_success,tabpfn,5,2,3,1651,825,826,0.02909090909090909
locations,locations,lightgbm,1,0,10,132,66,66,0.0
locations,locations,lightgbm,1,1,10,132,66,66,0.06060606060606061
locations,locations,lightgbm,1,2,10,110,55,55,0.12727272727272726
locations,locations,lightgbm,1,3,10,114,57,57,0.3684210526315789
locations,locations,lightgbm,1,4,10,66,33,33,0.5454545454545454
locations,locations,lightgbm,1,5,10,146,73,73,0.3972602739726027
locations,locations,lightgbm,1,6,10,87,44,43,0.13636363636363635
locations,locations,lightgbm,1,7,10,233,116,117,0.11206896551724138
locations,locations,lightgbm,1,8,10,115,57,58,0.0
locations,locations,lightgbm,1,9,10,148,74,74,0.2702702702702703
locations,locations,lightgbm,2,0,10,127,63,64,0.047619047619047616
locations,locations,lightgbm,2,1,10,140,70,70,0.04285714285714286
locations,locations,lightgbm,2,2,10,106,53,53,0.05660377358490566
locations,locations,lightgbm,2,3,10,124,62,62,0.04838709677419355
locations,locations,lightgbm,2,4,10,70,35,35,0.17142857142857143
locations,locations,lightgbm,2,5,10,132,66,66,0.25757575757575757
locations,locations,lightgbm,2,6,10,96,48,48,0.0625
locations,locations,lightgbm,2,7,10,222,111,111,0.09009009009009009
locations,locations,lightgbm,2,8,10,108,54,54,0.14814814814814814
locations,locations,lightgbm,2,9,10,158,79,79,0.10126582278481013
locations,locations,lightgbm,3,0,10,129,64,65,0.0
locations,locations,lightgbm,3,1,10,128,64,64,0.125
locations,locations,lightgbm,3,2,10,112,56,56,0.0
locations,locations,lightgbm,3,3,10,125,63,62,0.031746031746031744
locations,locations,lightgbm,3,4,10,74,37,37,0.32432432432432434
locations,locations,lightgbm,3,5,10,132,66,66,0.45454545454545453
locations,locations,lightgbm,3,6,10,93,47,46,0.10638297872340426
locations,locations,lightgbm,3,7,10,229,114,115,0.20175438596491227
locations,locations,lightgbm,3,8,10,116,58,58,0.22413793103448276
locations,locations,lightgbm,3,9,10,145,72,73,0.1527777777777778
locations,locations,lightgbm,4,0,10,120,60,60,0.4
locations,locations,lightgbm,4,1,10,136,68,68,0.10294117647058823
locations,locations,lightgbm,4,2,10,115,57,58,0.12280701754385964
locations,locations,lightgbm,4,3,10,126,63,63,0.14285714285714285
locations,locations,lightgbm,4,4,10,74,37,37,0.1891891891891892
locations,locations,lightgbm,4,5,10,137,68,69,0.19117647058823528
locations,locations,lightgbm,4,6,10,87,44,43,0.3409090909090909
locations,locations,lightgbm,4,7,10,223,111,112,0.21621621621621623
locations,locations,lightgbm,4,8,10,113,57,56,0.12280701754385964
locations,locations,lightgbm,4,9,10,152,76,76,0.34210526315789475
locations,locations,lightgbm,5,0,10,126,63,63,0.09523809523809523
locations,locations,lightgbm,5,1,10,126,63,63,0.031746031746031744
locations,locations,lightgbm,5,2,10,118,59,59,0.0
locations,locations,lightgbm,5,3,10,123,61,62,0.06557377049180328
locations,locations,lightgbm,5,4,10,81,41,40,0.0
locations,locations,lightgbm,5,5,10,141,70,71,0.0
locations,locations,lightgbm,5,6,10,87,44,43,0.18181818181818182
locations,locations,lightgbm,5,7,10,227,113,114,0.12389380530973451
locations,locations,lightgbm,5,8,10,108,54,54,0.0
locations,locations,lightgbm,5,9,10,146,73,73,0.0
locations,locations,mlp,1,0,10,132,66,66,0.10606060606060606
locations,locations,mlp,1,1,10,132,66,66,0.06060606060606061
locations,locations,mlp,1,2,10,110,55,55,0.2
locations,locations,mlp,1,3,10,114,57,57,0.10526315789473684
locations,locations,mlp,1,4,10,66,33,33,0.30303030303030304
locations,locations,mlp,1,5,10,146,73,73,0.2328767123287671
locations,locations,mlp,1,6,10,87,44,43,0.22727272727272727
locations,locations,mlp,1,7,10,233,116,117,0.06896551724137931
locations,locations,mlp,1,8,10,115,57,58,0.0
locations,locations,mlp,1,9,10,148,74,74,0.16216216216216217
locations,locations,mlp,2,0,10,127,63,64,0.1746031746031746
locations,locations,mlp,2,1,10,140,70,70,0.014285714285714285
locations,locations,mlp,2,2,10,106,53,53,0.03773584905660377
locations,locations,mlp,2,3,10,124,62,62,0.12903225806451613
locations,locations,mlp,2,4,10,70,35,35,0.2
locations,locations,mlp,2,5,10,132,66,66,0.0
locations,locations,mlp,2,6,10,96,48,48,0.16666666666666666
locations,locations,mlp,2,7,10,222,111,111,0.10810810810810811
locations,locations,mlp,2,8,10,108,54,54,0.0
locations,locations,mlp,2,9,10,158,79,79,0.22784810126582278
locations,locations,mlp,3,0,10,129,64,65,0.140625
locations,locations,mlp,3,1,10,128,64,64,0.03125
locations,locations,mlp,3,2,10,112,56,56,0.10714285714285714
locations,locations,mlp,3,3,10,125,63,62,0.09523809523809523
locations,locations,mlp,3,4,10,74,37,37,0.2702702702702703
locations,locations,mlp,3,5,10,132,66,66,0.3787878787878788
locations,locations,mlp,3,6,10,93,47,46,0.06382978723404255
locations,locations,mlp,3,7,10,229,114,115,0.11403508771929824
locations,locations,mlp,3,8,10,116,58,58,0.20689655172413793
locations,locations,mlp,3,9,10,145,72,73,0.0
locations,locations,mlp,4,0,10,120,60,60,0.016666666666666666
locations,locations,mlp,4,1,10,136,68,68,0.014705882352941176
locations,locations,mlp,4,2,10,115,57,58,0.08771929824561403
locations,locations,mlp,4,3,10,126,63,63,0.06349206349206349
locations,locations,mlp,4,4,10,74,37,37,0.08108108108108109
locations,locations,mlp,4,5,10,137,68,69,0.20588235294117646
locations,locations,mlp,4,6,10,87,44,43,0.045454545454545456
locations,locations,mlp,4,7,10,223,111,112,0.12612612612612611
locations,locations,mlp,4,8,10,113,57,56,0.03508771929824561
locations,locations,mlp,4,9,10,152,76,76,0.02631578947368421
locations,locations,mlp,5,0,10,126,63,63,0.0
locations,locations,mlp,5,1,10,126,63,63,0.015873015873015872
locations,locations,mlp,5,2,10,118,59,59,0.03389830508474576
locations,locations,mlp,5,3,10,123,61,62,0.01639344262295082
locations,locations,mlp,5,4,10,81,41,40,0.34146341463414637
locations,locations,mlp,5,5,10,141,70,71,0.2
locations,locations,mlp,5,6,10,87,44,43,0.36363636363636365
locations,locations,mlp,5,7,10,227,113,114,0.07964601769911504
locations,locations,mlp,5,8,10,108,54,54,0.037037037037037035
locations,locations,mlp,5,9,10,146,73,73,0.1643835616438356
locations,locations,real-tabpfn,1,0,10,132,66,66,0.21212121212121213
locations,locations,real-tabpfn,1,1,10,132,66,66,0.13636363636363635
locations,locations,real-tabpfn,1,2,10,110,55,55,0.16363636363636364
locations,locations,real-tabpfn,1,3,10,114,57,57,0.24561403508771928
locations,locations,real-tabpfn,1,4,10,66,33,33,0.5151515151515151
locations,locations,real-tabpfn,1,5,10,146,73,73,0.3424657534246575
locations,locations,real-tabpfn,1,6,10,87,44,43,0.3181818181818182
locations,locations,real-tabpfn,1,7,10,233,116,117,0.1810344827586207
locations,locations,real-tabpfn,1,8,10,115,57,58,0.12280701754385964
locations,locations,real-tabpfn,1,9,10,148,74,74,0.0945945945945946
locations,locations,real-tabpfn,2,0,10,127,63,64,0.2857142857142857
locations,locations,real-tabpfn,2,1,10,140,70,70,0.08571428571428572
locations,locations,real-tabpfn,2,2,10,106,53,53,0.09433962264150944
locations,locations,real-tabpfn,2,3,10,124,62,62,0.16129032258064516
locations,locations,real-tabpfn,2,4,10,70,35,35,0.02857142857142857
locations,locations,real-tabpfn,2,5,10,132,66,66,0.0
locations,locations,real-tabpfn,2,6,10,96,48,48,0.020833333333333332
locations,locations,real-tabpfn,2,7,10,222,111,111,0.12612612612612611
locations,locations,real-tabpfn,2,8,10,108,54,54,0.25925925925925924
locations,locations,real-tabpfn,2,9,10,158,79,79,0.25316455696202533
locations,locations,real-tabpfn,3,0,10,129,64,65,0.1875
locations,locations,real-tabpfn,3,1,10,128,64,64,0.09375
locations,locations,real-tabpfn,3,2,10,112,56,56,0.16071428571428573
locations,locations,real-tabpfn,3,3,10,125,63,62,0.19047619047619047
locations,locations,real-tabpfn,3,4,10,74,37,37,0.2972972972972973
locations,locations,real-tabpfn,3,5,10,132,66,66,0.30303030303030304
locations,locations,real-tabpfn,3,6,10,93,47,46,0.3191489361702128
locations,locations,real-tabpfn,3,7,10,229,114,115,0.07017543859649122
locations,locations,real-tabpfn,3,8,10,116,58,58,0.4482758620689655
locations,locations,real-tabpfn,3,9,10,145,72,73,0.125
locations,locations,real-tabpfn,4,0,10,120,60,60,0.26666666666666666
locations,locations,real-tabpfn,4,1,10,136,68,68,0.04411764705882353
locations,locations,real-tabpfn,4,2,10,115,57,58,0.05263157894736842
locations,locations,real-tabpfn,4,3,10,126,63,63,0.07936507936507936
locations,locations,real-tabpfn,4,4,10,74,37,37,0.13513513513513514
locations,locations,real-tabpfn,4,5,10,137,68,69,0.22058823529411764
locations,locations,real-tabpfn,4,6,10,87,44,43,0.0
locations,locations,real-tabpfn,4,7,10,223,111,112,0.06306306306306306
locations,locations,real-tabpfn,4,8,10,113,57,56,0.19298245614035087
locations,locations,real-tabpfn,4,9,10,152,76,76,0.0
locations,locations,real-tabpfn,5,0,10,126,63,63,0.14285714285714285
locations,locations,real-tabpfn,5,1,10,126,63,63,0.07936507936507936
locations,locations,real-tabpfn,5,2,10,118,59,59,0.11864406779661017
locations,locations,real-tabpfn,5,3,10,123,61,62,0.39344262295081966
locations,locations,real-tabpfn,5,4,10,81,41,40,0.07317073170731707
locations,locations,real-tabpfn,5,5,10,141,70,71,0.07142857142857142
locations,locations,real-tabpfn,5,6,10,87,44,43,0.2727272727272727
locations,locations,real-tabpfn,5,7,10,227,113,114,0.23893805309734514
locations,locations,real-tabpfn,5,8,10,108,54,54,0.18518518518518517
locations,locations,real-tabpfn,5,9,10,146,73,73,0.0958904109589041
locations,locations,rf,1,0,10,132,66,66,0.0
locations,locations,rf,1,1,10,132,66,66,0.06060606060606061
locations,locations,rf,1,2,10,110,55,55,0.2
locations,locations,rf,1,3,10,114,57,57,0.45614035087719296
locations,locations,rf,1,4,10,66,33,33,0.0
locations,locations,rf,1,5,10,146,73,73,0.684931506849315
locations,locations,rf,1,6,10,87,44,43,0.7045454545454546
locations,locations,rf,1,7,10,233,116,117,0.5862068965517241
locations,locations,rf,1,8,10,115,57,58,0.9649122807017544
locations,locations,rf,1,9,10,148,74,74,0.4864864864864865
locations,locations,rf,2,0,10,127,63,64,1.0
locations,locations,rf,2,1,10,140,70,70,0.0
locations,locations,rf,2,2,10,106,53,53,0.9811320754716981
locations,locations,rf,2,3,10,124,62,62,0.8870967741935484
locations,locations,rf,2,4,10,70,35,35,1.0
locations,locations,rf,2,5,10,132,66,66,1.0
locations,locations,rf,2,6,10,96,48,48,0.9791666666666666
locations,locations,rf,2,7,10,222,111,111,1.0
locations,locations,rf,2,8,10,108,54,54,1.0
locations,locations,rf,2,9,10,158,79,79,1.0
locations,locations,rf,3,0,10,129,64,65,0.0
locations,locations,rf,3,1,10,128,64,64,0.203125
locations,locations,rf,3,2,10,112,56,56,0.32142857142857145
locations,locations,rf,3,3,10,125,63,62,0.36507936507936506
locations,locations,rf,3,4,10,74,37,37,0.5675675675675675
locations,locations,rf,3,5,10,132,66,66,0.9848484848484849
locations,locations,rf,3,6,10,93,47,46,0.3617021276595745
locations,locations,rf,3,7,10,229,114,115,0.6228070175438597
locations,locations,rf,3,8,10,116,58,58,1.0
locations,locations,rf,3,9,10,145,72,73,0.6944444444444444
locations,locations,rf,4,0,10,120,60,60,0.3333333333333333
locations,locations,rf,4,1,10,136,68,68,0.07352941176470588
locations,locations,rf,4,2,10,115,57,58,0.10526315789473684
locations,locations,rf,4,3,10,126,63,63,0.12698412698412698
locations,locations,rf,4,4,10,74,37,37,0.8918918918918919
locations,locations,rf,4,5,10,137,68,69,0.9411764705882353
locations,locations,rf,4,6,10,87,44,43,0.045454545454545456
locations,locations,rf,4,7,10,223,111,112,0.6036036036036037
locations,locations,rf,4,8,10,113,57,56,0.6842105263157895
locations,locations,rf,4,9,10,152,76,76,0.8552631578947368
locations,locations,rf,5,0,10,126,63,63,0.9206349206349206
locations,locations,rf,5,1,10,126,63,63,0.5555555555555556
locations,locations,rf,5,2,10,118,59,59,0.6440677966101694
locations,locations,rf,5,3,10,123,61,62,0.6721311475409836
locations,locations,rf,5,4,10,81,41,40,1.0
locations,locations,rf,5,5,10,141,70,71,1.0
locations,locations,rf,5,6,10,87,44,43,0.9318181818181818
locations,locations,rf,5,7,10,227,113,114,0.9823008849557522
locations,locations,rf,5,8,10,108,54,54,1.0
locations,locations,rf,5,9,10,146,73,73,0.9726027397260274
locations,locations,tabdpt,1,0,10,132,66,66,0.10606060606060606
locations,locations,tabdpt,1,1,10,132,66,66,0.09090909090909091
locations,locations,tabdpt,1,2,10,110,55,55,0.2
locations,locations,tabdpt,1,3,10,114,57,57,0.03508771929824561
locations,locations,tabdpt,1,4,10,66,33,33,0.09090909090909091
locations,locations,tabdpt,1,5,10,146,73,73,0.684931506849315
locations,locations,tabdpt,1,6,10,87,44,43,0.0
locations,locations,tabdpt,1,7,10,233,116,117,0.1896551724137931
locations,locations,tabdpt,1,8,10,115,57,58,0.2631578947368421
locations,locations,tabdpt,1,9,10,148,74,74,0.33783783783783783
locations,locations,tabdpt,2,0,10,127,63,64,0.25396825396825395
locations,locations,tabdpt,2,1,10,140,70,70,0.0
locations,locations,tabdpt,2,2,10,106,53,53,0.11320754716981132
locations,locations,tabdpt,2,3,10,124,62,62,0.0967741935483871
locations,locations,tabdpt,2,4,10,70,35,35,0.14285714285714285
locations,locations,tabdpt,2,5,10,132,66,66,0.0
locations,locations,tabdpt,2,6,10,96,48,48,0.10416666666666667
locations,locations,tabdpt,2,7,10,222,111,111,0.18018018018018017
locations,locations,tabdpt,2,8,10,108,54,54,0.18518518518518517
locations,locations,tabdpt,2,9,10,158,79,79,0.1518987341772152
locations,locations,tabdpt,3,0,10,129,64,65,0.15625
locations,locations,tabdpt,3,1,10,128,64,64,0.046875
locations,locations,tabdpt,3,2,10,112,56,56,0.0
locations,locations,tabdpt,3,3,10,125,63,62,0.14285714285714285
locations,locations,tabdpt,3,4,10,74,37,37,0.32432432432432434
locations,locations,tabdpt,3,5,10,132,66,66,0.3484848484848485
locations,locations,tabdpt,3,6,10,93,47,46,0.3191489361702128
locations,locations,tabdpt,3,7,10,229,114,115,0.2894736842105263
locations,locations,tabdpt,3,8,10,116,58,58,0.25862068965517243
locations,locations,tabdpt,3,9,10,145,72,73,0.0
locations,locations,tabdpt,4,0,10,120,60,60,0.2
locations,locations,tabdpt,4,1,10,136,68,68,0.014705882352941176
locations,locations,tabdpt,4,2,10,115,57,58,0.14035087719298245
locations,locations,tabdpt,4,3,10,126,63,63,0.07936507936507936
locations,locations,tabdpt,4,4,10,74,37,37,0.35135135135135137
locations,locations,tabdpt,4,5,10,137,68,69,0.5882352941176471
locations,locations,tabdpt,4,6,10,87,44,43,0.20454545454545456
locations,locations,tabdpt,4,7,10,223,111,112,0.36036036036036034
locations,locations,tabdpt,4,8,10,113,57,56,0.3508771929824561
locations,locations,tabdpt,4,9,10,152,76,76,0.0
locations,locations,tabdpt,5,0,10,126,63,63,0.31746031746031744
locations,locations,tabdpt,5,1,10,126,63,63,0.047619047619047616
locations,locations,tabdpt,5,2,10,118,59,59,0.11864406779661017
locations,locations,tabdpt,5,3,10,123,61,62,0.08196721311475409
locations,locations,tabdpt,5,4,10,81,41,40,0.2926829268292683
locations,locations,tabdpt,5,5,10,141,70,71,0.5
locations,locations,tabdpt,5,6,10,87,44,43,0.4772727272727273
locations,locations,tabdpt,5,7,10,227,113,114,0.23008849557522124
locations,locations,tabdpt,5,8,10,108,54,54,0.05555555555555555
locations,locations,tabdpt,5,9,10,146,73,73,0.410958904109589
locations,locations,tabicl,1,0,10,132,66,66,0.10606060606060606
locations,locations,tabicl,1,1,10,132,66,66,0.12121212121212122
locations,locations,tabicl,1,2,10,110,55,55,0.34545454545454546
locations,locations,tabicl,1,3,10,114,57,57,0.17543859649122806
locations,locations,tabicl,1,4,10,66,33,33,0.30303030303030304
locations,locations,tabicl,1,5,10,146,73,73,0.4246575342465753
locations,locations,tabicl,1,6,10,87,44,43,0.5
locations,locations,tabicl,1,7,10,233,116,117,0.12931034482758622
locations,locations,tabicl,1,8,10,115,57,58,0.17543859649122806
locations,locations,tabicl,1,9,10,148,74,74,0.21621621621621623
locations,locations,tabicl,2,0,10,127,63,64,0.1111111111111111
locations,locations,tabicl,2,1,10,140,70,70,0.014285714285714285
locations,locations,tabicl,2,2,10,106,53,53,0.1509433962264151
locations,locations,tabicl,2,3,10,124,62,62,0.12903225806451613
locations,locations,tabicl,2,4,10,70,35,35,0.34285714285714286
locations,locations,tabicl,2,5,10,132,66,66,0.5151515151515151
locations,locations,tabicl,2,6,10,96,48,48,0.020833333333333332
locations,locations,tabicl,2,7,10,222,111,111,0.11711711711711711
locations,locations,tabicl,2,8,10,108,54,54,0.2962962962962963
locations,locations,tabicl,2,9,10,158,79,79,0.35443037974683544
locations,locations,tabicl,3,0,10,129,64,65,0.203125
locations,locations,tabicl,3,1,10,128,64,64,0.0625
locations,locations,tabicl,3,2,10,112,56,56,0.0
locations,locations,tabicl,3,3,10,125,63,62,0.031746031746031744
locations,locations,tabicl,3,4,10,74,37,37,0.3783783783783784
locations,locations,tabicl,3,5,10,132,66,66,0.36363636363636365
locations,locations,tabicl,3,6,10,93,47,46,0.7872340425531915
locations,locations,tabicl,3,7,10,229,114,115,0.13157894736842105
locations,locations,tabicl,3,8,10,116,58,58,0.3275862068965517
locations,locations,tabicl,3,9,10,145,72,73,0.0
locations,locations,tabicl,4,0,10,120,60,60,0.43333333333333335
locations,locations,tabicl,4,1,10,136,68,68,0.1323529411764706
locations,locations,tabicl,4,2,10,115,57,58,0.08771929824561403
locations,locations,tabicl,4,3,10,126,63,63,0.1111111111111111
locations,locations,tabicl,4,4,10,74,37,37,0.0
locations,locations,tabicl,4,5,10,137,68,69,0.4411764705882353
locations,locations,tabicl,4,6,10,87,44,43,0.25
locations,locations,tabicl,4,7,10,223,111,112,0.27927927927927926
locations,locations,tabicl,4,8,10,113,57,56,0.0
locations,locations,tabicl,4,9,10,152,76,76,0.0
locations,locations,tabicl,5,0,10,126,63,63,0.25396825396825395
locations,locations,tabicl,5,1,10,126,63,63,0.1746031746031746
locations,locations,tabicl,5,2,10,118,59,59,0.0847457627118644
locations,locations,tabicl,5,3,10,123,61,62,0.03278688524590164
locations,locations,tabicl,5,4,10,81,41,40,0.4146341463414634
locations,locations,tabicl,5,5,10,141,70,71,0.22857142857142856
locations,locations,tabicl,5,6,10,87,44,43,0.25
locations,locations,tabicl,5,7,10,227,113,114,0.13274336283185842
locations,locations,tabicl,5,8,10,108,54,54,0.18518518518518517
locations,locations,tabicl,5,9,10,146,73,73,0.1917808219178082
locations,locations,tabnet,1,0,10,132,66,66,0.0
locations,locations,tabnet,1,1,10,132,66,66,0.09090909090909091
locations,locations,tabnet,1,2,10,110,55,55,0.0
locations,locations,tabnet,1,3,10,114,57,57,0.05263157894736842
locations,locations,tabnet,1,4,10,66,33,33,0.2727272727272727
locations,locations,tabnet,1,5,10,146,73,73,0.0958904109589041
locations,locations,tabnet,1,6,10,87,44,43,0.0
locations,locations,tabnet,1,7,10,233,116,117,0.05172413793103448
locations,locations,tabnet,1,8,10,115,57,58,0.0
locations,locations,tabnet,1,9,10,148,74,74,0.10810810810810811
locations,locations,tabnet,2,0,10,127,63,64,0.031746031746031744
locations,locations,tabnet,2,1,10,140,70,70,0.0
locations,locations,tabnet,2,2,10,106,53,53,0.0
locations,locations,tabnet,2,3,10,124,62,62,0.0
locations,locations,tabnet,2,4,10,70,35,35,0.0
locations,locations,tabnet,2,5,10,132,66,66,0.0
locations,locations,tabnet,2,6,10,96,48,48,0.020833333333333332
locations,locations,tabnet,2,7,10,222,111,111,0.036036036036036036
locations,locations,tabnet,2,8,10,108,54,54,0.05555555555555555
locations,locations,tabnet,2,9,10,158,79,79,0.05063291139240506
locations,locations,tabnet,3,0,10,129,64,65,0.0625
locations,locations,tabnet,3,1,10,128,64,64,0.0
locations,locations,tabnet,3,2,10,112,56,56,0.0
locations,locations,tabnet,3,3,10,125,63,62,0.0
locations,locations,tabnet,3,4,10,74,37,37,0.02702702702702703
locations,locations,tabnet,3,5,10,132,66,66,0.030303030303030304
locations,locations,tabnet,3,6,10,93,47,46,0.02127659574468085
locations,locations,tabnet,3,7,10,229,114,115,0.07894736842105263
locations,locations,tabnet,3,8,10,116,58,58,0.05172413793103448
locations,locations,tabnet,3,9,10,145,72,73,0.05555555555555555
locations,locations,tabnet,4,0,10,120,60,60,0.0
locations,locations,tabnet,4,1,10,136,68,68,0.0
locations,locations,tabnet,4,2,10,115,57,58,0.017543859649122806
locations,locations,tabnet,4,3,10,126,63,63,0.031746031746031744
locations,locations,tabnet,4,4,10,74,37,37,0.0
locations,locations,tabnet,4,5,10,137,68,69,0.07352941176470588
locations,locations,tabnet,4,6,10,87,44,43,0.0
locations,locations,tabnet,4,7,10,223,111,112,0.0
locations,locations,tabnet,4,8,10,113,57,56,0.0
locations,locations,tabnet,4,9,10,152,76,76,0.05263157894736842
locations,locations,tabnet,5,0,10,126,63,63,0.1746031746031746
locations,locations,tabnet,5,1,10,126,63,63,0.015873015873015872
locations,locations,tabnet,5,2,10,118,59,59,0.11864406779661017
locations,locations,tabnet,5,3,10,123,61,62,0.09836065573770492
locations,locations,tabnet,5,4,10,81,41,40,0.14634146341463414
locations,locations,tabnet,5,5,10,141,70,71,0.0
locations,locations,tabnet,5,6,10,87,44,43,0.09090909090909091
locations,locations,tabnet,5,7,10,227,113,114,0.02654867256637168
locations,locations,tabnet,5,8,10,108,54,54,0.07407407407407407
locations,locations,tabnet,5,9,10,146,73,73,0.0
locations,locations,tabpfn,1,0,10,132,66,66,0.0
locations,locations,tabpfn,1,1,10,132,66,66,0.07575757575757576
locations,locations,tabpfn,1,2,10,110,55,55,0.2
locations,locations,tabpfn,1,3,10,114,57,57,0.08771929824561403
locations,locations,tabpfn,1,4,10,66,33,33,0.0
locations,locations,tabpfn,1,5,10,146,73,73,0.273972602739726
locations,locations,tabpfn,1,6,10,87,44,43,0.38636363636363635
locations,locations,tabpfn,1,7,10,233,116,117,0.12931034482758622
locations,locations,tabpfn,1,8,10,115,57,58,0.21052631578947367
locations,locations,tabpfn,1,9,10,148,74,74,0.0
locations,locations,tabpfn,2,0,10,127,63,64,0.15873015873015872
locations,locations,tabpfn,2,1,10,140,70,70,0.02857142857142857
locations,locations,tabpfn,2,2,10,106,53,53,0.07547169811320754
locations,locations,tabpfn,2,3,10,124,62,62,0.1774193548387097
locations,locations,tabpfn,2,4,10,70,35,35,0.2
locations,locations,tabpfn,2,5,10,132,66,66,0.24242424242424243
locations,locations,tabpfn,2,6,10,96,48,48,0.0
locations,locations,tabpfn,2,7,10,222,111,111,0.15315315315315314
locations,locations,tabpfn,2,8,10,108,54,54,0.2222222222222222
locations,locations,tabpfn,2,9,10,158,79,79,0.05063291139240506
locations,locations,tabpfn,3,0,10,129,64,65,0.171875
locations,locations,tabpfn,3,1,10,128,64,64,0.109375
locations,locations,tabpfn,3,2,10,112,56,56,0.03571428571428571
locations,locations,tabpfn,3,3,10,125,63,62,0.0
locations,locations,tabpfn,3,4,10,74,37,37,0.3783783783783784
locations,locations,tabpfn,3,5,10,132,66,66,0.22727272727272727
locations,locations,tabpfn,3,6,10,93,47,46,0.3617021276595745
locations,locations,tabpfn,3,7,10,229,114,115,0.14035087719298245
locations,locations,tabpfn,3,8,10,116,58,58,0.1724137931034483
locations,locations,tabpfn,3,9,10,145,72,73,0.1527777777777778
locations,locations,tabpfn,4,0,10,120,60,60,0.48333333333333334
locations,locations,tabpfn,4,1,10,136,68,68,0.07352941176470588
locations,locations,tabpfn,4,2,10,115,57,58,0.05263157894736842
locations,locations,tabpfn,4,3,10,126,63,63,0.2857142857142857
locations,locations,tabpfn,4,4,10,74,37,37,0.0
locations,locations,tabpfn,4,5,10,137,68,69,0.0
locations,locations,tabpfn,4,6,10,87,44,43,0.25
locations,locations,tabpfn,4,7,10,223,111,112,0.18018018018018017
locations,locations,tabpfn,4,8,10,113,57,56,0.10526315789473684
locations,locations,tabpfn,4,9,10,152,76,76,0.21052631578947367
locations,locations,tabpfn,5,0,10,126,63,63,0.19047619047619047
locations,locations,tabpfn,5,1,10,126,63,63,0.1111111111111111
locations,locations,tabpfn,5,2,10,118,59,59,0.13559322033898305
locations,locations,tabpfn,5,3,10,123,61,62,0.5081967213114754
locations,locations,tabpfn,5,4,10,81,41,40,0.0
locations,locations,tabpfn,5,5,10,141,70,71,0.08571428571428572
locations,locations,tabpfn,5,6,10,87,44,43,0.4318181818181818
locations,locations,tabpfn,5,7,10,227,113,114,0.1504424778761062
locations,locations,tabpfn,5,8,10,108,54,54,0.12962962962962962
locations,locations,tabpfn,5,9,10,146,73,73,0.2876712328767123
url,url,lightgbm,1,0,2,4255,2128,2127,0.049342105263157895
url,url,lightgbm,1,1,2,4317,2158,2159,0.04541241890639481
url,url,lightgbm,2,0,2,4269,2134,2135,0.04967197750702906
url,url,lightgbm,2,1,2,4303,2152,2151,0.048327137546468404
url,url,lightgbm,3,0,2,4294,2147,2147,0.04052165812761994
url,url,lightgbm,3,1,2,4278,2139,2139,0.037868162692847124
url,url,lightgbm,4,0,2,4294,2147,2147,0.05449464368886819
url,url,lightgbm,4,1,2,4278,2139,2139,0.043010752688172046
url,url,lightgbm,5,0,2,4314,2157,2157,0.04357904496986555
url,url,lightgbm,5,1,2,4258,2129,2129,0.05636449037106623
url,url,mlp,1,0,2,4255,2128,2127,0.01268796992481203
url,url,mlp,1,1,2,4317,2158,2159,0.007877664504170528
url,url,mlp,2,0,2,4269,2134,2135,0.0
url,url,mlp,2,1,2,4303,2152,2151,0.013475836431226766
url,url,mlp,3,0,2,4294,2147,2147,0.01350721937587331
url,url,mlp,3,1,2,4278,2139,2139,0.011220196353436185
url,url,mlp,4,0,2,4294,2147,2147,0.02095947834187238
url,url,mlp,4,1,2,4278,2139,2139,0.007947639083683964
url,url,mlp,5,0,2,4314,2157,2157,0.011126564673157162
url,url,mlp,5,1,2,4258,2129,2129,0.006575857209957727
url,url,real-tabpfn,1,0,2,4255,2128,2127,0.07048872180451128
url,url,real-tabpfn,1,1,2,4317,2158,2159,0.0639481000926784
url,url,real-tabpfn,2,0,2,4269,2134,2135,0.08575445173383317
url,url,real-tabpfn,2,1,2,4303,2152,2151,0.056226765799256506
url,url,real-tabpfn,3,0,2,4294,2147,2147,0.05961807172799255
url,url,real-tabpfn,3,1,2,4278,2139,2139,0.06077606358111267
url,url,real-tabpfn,4,0,2,4294,2147,2147,0.06427573358174196
url,url,real-tabpfn,4,1,2,4278,2139,2139,0.04815334268349696
url,url,real-tabpfn,5,0,2,4314,2157,2157,0.06536856745479833
url,url,real-tabpfn,5,1,2,4258,2129,2129,0.058713010803193987
url,url,rf,1,0,2,4255,2128,2127,0.12406015037593984
url,url,rf,1,1,2,4317,2158,2159,0.10333642261353104
url,url,rf,2,0,2,4269,2134,2135,0.11433926897844424
url,url,rf,2,1,2,4303,2152,2151,0.07760223048327138
url,url,rf,3,0,2,4294,2147,2147,0.10246856078248719
url,url,rf,3,1,2,4278,2139,2139,0.10004675081813932
url,url,rf,4,0,2,4294,2147,2147,0.15649743828598045
url,url,rf,4,1,2,4278,2139,2139,0.12809724170172979
url,url,rf,5,0,2,4314,2157,2157,0.25915623551228556
url,url,rf,5,1,2,4258,2129,2129,0.14795678722404884
url,url,tabdpt,1,0,2,4255,2128,2127,0.10855263157894737
url,url,tabdpt,1,1,2,4317,2158,2159,0.08433734939759036
url,url,tabdpt,2,0,2,4269,2134,2135,0.1190253045923149
url,url,tabdpt,2,1,2,4303,2152,2151,0.0724907063197026
url,url,tabdpt,3,0,2,4294,2147,2147,0.06334420121099209
url,url,tabdpt,3,1,2,4278,2139,2139,0.07199625993454885
url,url,tabdpt,4,0,2,4294,2147,2147,0.08337214718211458
url,url,tabdpt,4,1,2,4278,2139,2139,0.06404862085086489
url,url,tabdpt,5,0,2,4314,2157,2157,0.09874826147426982
url,url,tabdpt,5,1,2,4258,2129,2129,0.08219821512447158
url,url,tabicl,1,0,2,4255,2128,2127,0.09445488721804511
url,url,tabicl,1,1,2,4317,2158,2159,0.06719184430027804
url,url,tabicl,2,0,2,4269,2134,2135,0.09184629803186505
url,url,tabicl,2,1,2,4303,2152,2151,0.06552044609665428
url,url,tabicl,3,0,2,4294,2147,2147,0.05961807172799255
url,url,tabicl,3,1,2,4278,2139,2139,0.08321645628798503
url,url,tabicl,4,0,2,4294,2147,2147,0.08896134140661388
url,url,tabicl,4,1,2,4278,2139,2139,0.06124357176250585
url,url,tabicl,5,0,2,4314,2157,2157,0.09225776541492814
url,url,tabicl,5,1,2,4258,2129,2129,0.06341005166744951
url,url,tabnet,1,0,2,4255,2128,2127,0.030545112781954886
url,url,tabnet,1,1,2,4317,2158,2159,0.03475440222428174
url,url,tabnet,2,0,2,4269,2134,2135,0.03233364573570759
url,url,tabnet,2,1,2,4303,2152,2151,0.023234200743494422
url,url,tabnet,3,0,2,4294,2147,2147,0.02375407545412203
url,url,tabnet,3,1,2,4278,2139,2139,0.03225806451612903
url,url,tabnet,4,0,2,4294,2147,2147,0.029809035863996275
url,url,tabnet,4,1,2,4278,2139,2139,0.035998129967274424
url,url,tabnet,5,0,2,4314,2157,2157,0.0296708391284191
url,url,tabnet,5,1,2,4258,2129,2129,0.03147017379051198
url,url,tabpfn,1,0,2,4255,2128,2127,0.07518796992481203
url,url,tabpfn,1,1,2,4317,2158,2159,0.0639481000926784
url,url,tabpfn,2,0,2,4269,2134,2135,0.08528584817244611
url,url,tabpfn,2,1,2,4303,2152,2151,0.055297397769516726
url,url,tabpfn,3,0,2,4294,2147,2147,0.06613879832324174
url,url,tabpfn,3,1,2,4278,2139,2139,0.06217858812529219
url,url,tabpfn,4,0,2,4294,2147,2147,0.06660456450861667
url,url,tabpfn,4,1,2,4278,2139,2139,0.047685834502103785
url,url,tabpfn,5,0,2,4314,2157,2157,0.06861381548446917
url,url,tabpfn,5,1,2,4258,2129,2129,0.0643494598403006
us_stocks_financial,us_stocks_financial,lightgbm,1,0,2,1037,519,518,0.017341040462427744
us_stocks_financial,us_stocks_financial,lightgbm,1,1,2,2257,1128,1129,0.0425531914893617
us_stocks_financial,us_stocks_financial,lightgbm,2,0,2,1030,515,515,0.04854368932038835
us_stocks_financial,us_stocks_financial,lightgbm,2,1,2,2264,1132,1132,0.01678445229681979
us_stocks_financial,us_stocks_financial,lightgbm,3,0,2,1042,521,521,0.05566218809980806
us_stocks_financial,us_stocks_financial,lightgbm,3,1,2,2252,1126,1126,0.052397868561278864
us_stocks_financial,us_stocks_financial,lightgbm,4,0,2,1004,502,502,0.017928286852589643
us_stocks_financial,us_stocks_financial,lightgbm,4,1,2,2290,1145,1145,0.013973799126637555
us_stocks_financial,us_stocks_financial,lightgbm,5,0,2,1003,502,501,0.0199203187250996
us_stocks_financial,us_stocks_financial,lightgbm,5,1,2,2291,1145,1146,0.023580786026200874
us_stocks_financial,us_stocks_financial,mlp,1,0,2,1037,519,518,0.04046242774566474
us_stocks_financial,us_stocks_financial,mlp,1,1,2,2257,1128,1129,0.0017730496453900709
us_stocks_financial,us_stocks_financial,mlp,2,0,2,1030,515,515,0.027184466019417475
us_stocks_financial,us_stocks_financial,mlp,2,1,2,2264,1132,1132,0.007067137809187279
us_stocks_financial,us_stocks_financial,mlp,3,0,2,1042,521,521,0.046065259117082535
us_stocks_financial,us_stocks_financial,mlp,3,1,2,2252,1126,1126,0.006216696269982238
us_stocks_financial,us_stocks_financial,mlp,4,0,2,1004,502,502,0.05976095617529881
us_stocks_financial,us_stocks_financial,mlp,4,1,2,2290,1145,1145,0.014847161572052401
us_stocks_financial,us_stocks_financial,mlp,5,0,2,1003,502,501,0.04183266932270916
us_stocks_financial,us_stocks_financial,mlp,5,1,2,2291,1145,1146,0.011353711790393014
us_stocks_financial,us_stocks_financial,real-tabpfn,1,0,2,1037,519,518,0.04431599229287091
us_stocks_financial,us_stocks_financial,real-tabpfn,1,1,2,2257,1128,1129,0.03723404255319149
us_stocks_financial,us_stocks_financial,real-tabpfn,2,0,2,1030,515,515,0.0
us_stocks_financial,us_stocks_financial,real-tabpfn,2,1,2,2264,1132,1132,0.029151943462897525
us_stocks_financial,us_stocks_financial,real-tabpfn,3,0,2,1042,521,521,0.04222648752399232
us_stocks_financial,us_stocks_financial,real-tabpfn,3,1,2,2252,1126,1126,0.021314387211367674
us_stocks_financial,us_stocks_financial,real-tabpfn,4,0,2,1004,502,502,0.025896414342629483
us_stocks_financial,us_stocks_financial,real-tabpfn,4,1,2,2290,1145,1145,0.03406113537117904
us_stocks_financial,us_stocks_financial,real-tabpfn,5,0,2,1003,502,501,0.029880478087649404
us_stocks_financial,us_stocks_financial,real-tabpfn,5,1,2,2291,1145,1146,0.01834061135371179
us_stocks_financial,us_stocks_financial,rf,1,0,2,1037,519,518,0.025048169556840076
us_stocks_financial,us_stocks_financial,rf,1,1,2,2257,1128,1129,0.02925531914893617
us_stocks_financial,us_stocks_financial,rf,2,0,2,1030,515,515,0.16310679611650486
us_stocks_financial,us_stocks_financial,rf,2,1,2,2264,1132,1132,0.08480565371024736
us_stocks_financial,us_stocks_financial,rf,3,0,2,1042,521,521,0.028790786948176585
us_stocks_financial,us_stocks_financial,rf,3,1,2,2252,1126,1126,0.022202486678507993
us_stocks_financial,us_stocks_financial,rf,4,0,2,1004,502,502,0.00398406374501992
us_stocks_financial,us_stocks_financial,rf,4,1,2,2290,1145,1145,0.029694323144104803
us_stocks_financial,us_stocks_financial,rf,5,0,2,1003,502,501,0.029880478087649404
us_stocks_financial,us_stocks_financial,rf,5,1,2,2291,1145,1146,0.02794759825327511
us_stocks_financial,us_stocks_financial,tabdpt,1,0,2,1037,519,518,0.06358381502890173
us_stocks_financial,us_stocks_financial,tabdpt,1,1,2,2257,1128,1129,0.023936170212765957
us_stocks_financial,us_stocks_financial,tabdpt,2,0,2,1030,515,515,0.06990291262135923
us_stocks_financial,us_stocks_financial,tabdpt,2,1,2,2264,1132,1132,0.044169611307420496
us_stocks_financial,us_stocks_financial,tabdpt,3,0,2,1042,521,521,0.07677543186180422
us_stocks_financial,us_stocks_financial,tabdpt,3,1,2,2252,1126,1126,0.037300177619893425
us_stocks_financial,us_stocks_financial,tabdpt,4,0,2,1004,502,502,0.06374501992031872
us_stocks_financial,us_stocks_financial,tabdpt,4,1,2,2290,1145,1145,0.04192139737991266
us_stocks_financial,us_stocks_financial,tabdpt,5,0,2,1003,502,501,0.05776892430278884
us_stocks_financial,us_stocks_financial,tabdpt,5,1,2,2291,1145,1146,0.03318777292576419
us_stocks_financial,us_stocks_financial,tabicl,1,0,2,1037,519,518,0.005780346820809248
us_stocks_financial,us_stocks_financial,tabicl,1,1,2,2257,1128,1129,0.07535460992907801
us_stocks_financial,us_stocks_financial,tabicl,2,0,2,1030,515,515,0.019417475728155338
us_stocks_financial,us_stocks_financial,tabicl,2,1,2,2264,1132,1132,0.4469964664310954
us_stocks_financial,us_stocks_financial,tabicl,3,0,2,1042,521,521,0.16314779270633398
us_stocks_financial,us_stocks_financial,tabicl,3,1,2,2252,1126,1126,0.028419182948490232
us_stocks_financial,us_stocks_financial,tabicl,4,0,2,1004,502,502,0.045816733067729085
us_stocks_financial,us_stocks_financial,tabicl,4,1,2,2290,1145,1145,0.01921397379912664
us_stocks_financial,us_stocks_financial,tabicl,5,0,2,1003,502,501,0.03386454183266932
us_stocks_financial,us_stocks_financial,tabicl,5,1,2,2291,1145,1146,0.02096069868995633
us_stocks_financial,us_stocks_financial,tabnet,1,0,2,1037,519,518,0.011560693641618497
us_stocks_financial,us_stocks_financial,tabnet,1,1,2,2257,1128,1129,0.0008865248226950354
us_stocks_financial,us_stocks_financial,tabnet,2,0,2,1030,515,515,0.02912621359223301
us_stocks_financial,us_stocks_financial,tabnet,2,1,2,2264,1132,1132,0.01060070671378092
us_stocks_financial,us_stocks_financial,tabnet,3,0,2,1042,521,521,0.02111324376199616
us_stocks_financial,us_stocks_financial,tabnet,3,1,2,2252,1126,1126,0.013321492007104795
us_stocks_financial,us_stocks_financial,tabnet,4,0,2,1004,502,502,0.00199203187250996
us_stocks_financial,us_stocks_financial,tabnet,4,1,2,2290,1145,1145,0.0017467248908296944
us_stocks_financial,us_stocks_financial,tabnet,5,0,2,1003,502,501,0.025896414342629483
us_stocks_financial,us_stocks_financial,tabnet,5,1,2,2291,1145,1146,0.0026200873362445414
us_stocks_financial,us_stocks_financial,tabpfn,1,0,2,1037,519,518,0.019267822736030827
us_stocks_financial,us_stocks_financial,tabpfn,1,1,2,2257,1128,1129,0.034574468085106384
us_stocks_financial,us_stocks_financial,tabpfn,2,0,2,1030,515,515,0.007766990291262136
us_stocks_financial,us_stocks_financial,tabpfn,2,1,2,2264,1132,1132,0.038869257950530034
us_stocks_financial,us_stocks_financial,tabpfn,3,0,2,1042,521,521,0.030710172744721688
us_stocks_financial,us_stocks_financial,tabpfn,3,1,2,2252,1126,1126,0.023090586145648313
us_stocks_financial,us_stocks_financial,tabpfn,4,0,2,1004,502,502,0.029880478087649404
us_stocks_financial,us_stocks_financial,tabpfn,4,1,2,2290,1145,1145,0.017467248908296942
us_stocks_financial,us_stocks_financial,tabpfn,5,0,2,1003,502,501,0.021912350597609563
us_stocks_financial,us_stocks_financial,tabpfn,5,1,2,2291,1145,1146,0.017467248908296942
