dataset,defense_key,defense_label,defense_short,family,rmia_auc,amia_row_max_auc,accuracy,tradeoff_score,n_models
46980_MIC,attn_drop_p10,attn drop p10,attn drop p10,Attention dropout,0.685720167906086,0.7813480951642942,0.9290499999999999,0.1025676219959074,4
46980_MIC,attn_drop_p30,attn drop p30,attn drop p30,Attention dropout,0.6326046326529003,0.7687528402449243,0.911625,0.1179980170821852,4
46980_MIC,attn_drop_p50,attn drop p50,attn drop p50,Attention dropout,0.6094640244398971,0.7346626774085934,0.9092,0.14418840260685228,4
46980_MIC,attn_drop_p70,attn drop p70,attn drop p70,Attention dropout,0.5817369952901187,0.7013638429269036,0.898675,0.16417633442258636,4
46980_MIC,attn_drop_p90,attn drop p90,attn drop p90,Attention dropout,0.5483531176367061,0.6752982749698573,0.8468249999999999,0.14205105722781589,4
46980_MIC,highrisk_label_kanon_k10,high-risk label k-anon k10,high-risk label k-anon k10,High-risk label k-anon,0.48785360228427926,0.24724381319134509,0.9197500000000001,0.4592530457932854,4
46980_MIC,highrisk_label_kanon_k10_a30,high-risk label k-anon k10 a30,high-risk label k-anon k10 a30,High-risk label k-anon,0.6622738639677006,0.3800037563470444,0.922625,0.308537943373725,4
46980_MIC,highrisk_label_kanon_k10_a50,high-risk label k-anon k10 a50,high-risk label k-anon k10 a50,High-risk label k-anon,0.7365375674106686,0.6401570573355153,0.9218,0.14050444115800562,4
46980_MIC,highrisk_label_kanon_k3,high-risk label k-anon k3,high-risk label k-anon k3,High-risk label k-anon,0.6326062744129722,0.30495364982965095,0.922625,0.3608967914097859,4
46980_MIC,highrisk_label_kanon_k3_a30,high-risk label k-anon k3 a30,high-risk label k-anon k3 a30,High-risk label k-anon,0.7205602867432471,0.5226779602247504,0.923025,0.2084576300470988,4
46980_MIC,highrisk_label_kanon_k3_a50,high-risk label k-anon k3 a50,high-risk label k-anon k3 a50,High-risk label k-anon,0.7380059576189488,0.72953513235213,0.924225,0.09750620854555814,4
46980_MIC,highrisk_label_kanon_k5,high-risk label k-anon k5,high-risk label k-anon k5,High-risk label k-anon,0.526373562146529,0.2500817596515791,0.9189499999999999,0.43777409263204353,4
46980_MIC,highrisk_label_kanon_k5_a30,high-risk label k-anon k5 a30,high-risk label k-anon k5 a30,High-risk label k-anon,0.6959217366406699,0.37581693981176234,0.923025,0.2942074153048814,4
46980_MIC,highrisk_label_kanon_k5_a50,high-risk label k-anon k5 a50,high-risk label k-anon k5 a50,High-risk label k-anon,0.7252425864682195,0.641682909146311,0.923025,0.14661400572383232,4
46980_MIC,label_kanon_k10,label k-anon k10,label k-anon k10,Label k-anon,0.5345866310820644,0.5122061577823367,0.91855,0.302205359098897,4
46980_MIC,label_kanon_k10+attn_drop_p10,label k-anon k10 + attn drop p10,label k-anon k10 + attn drop p10,Label k-anon + dropout,0.5257565887115204,0.5115576625539482,0.9055915721231766,0.2939862000215399,4
46980_MIC,label_kanon_k10+attn_drop_p30,label k-anon k10 + attn drop p30,label k-anon k10 + attn drop p30,Label k-anon + dropout,0.5144139967269872,0.5055471789308333,0.9039708265802269,0.30104199228241424,4
46980_MIC,label_kanon_k10+attn_drop_p50,label k-anon k10 + attn drop p50,label k-anon k10 + attn drop p50,Label k-anon + dropout,0.5134476567486846,0.5009666683303169,0.8999189627228525,0.2997635537144493,4
46980_MIC,label_kanon_k10_a30,label k-anon k10 a30,label k-anon k10 a30,Label k-anon,0.5904767408567098,0.6740856709807743,0.922625,0.19739554761235548,4
46980_MIC,label_kanon_k10_a30+attn_drop_p10,label k-anon k10 a30 + attn drop p10,label k-anon k10 a30 + attn...,Label k-anon + dropout,0.5556694572209862,0.5908806138343897,0.9108589951377632,0.24463571314117286,4
46980_MIC,label_kanon_k10_a30+attn_drop_p30,label k-anon k10 a30 + attn drop p30,label k-anon k10 a30 + attn...,Label k-anon + dropout,0.5427130150858049,0.5649693713240992,0.9084278768233387,0.26163843714948415,4
46980_MIC,label_kanon_k10_a30+attn_drop_p50,label k-anon k10 a30 + attn drop p50,label k-anon k10 a30 + attn...,Label k-anon + dropout,0.5409054372466764,0.5527648553018343,0.9076175040518637,0.26783411130870594,4
46980_MIC,label_kanon_k10_a50,label k-anon k10 a50,label k-anon k10 a50,Label k-anon,0.6720337992429516,0.7558972021781559,0.920175,0.11326125282054376,4
46980_MIC,label_kanon_k10_a50+attn_drop_p10,label k-anon k10 a50 + attn drop p10,label k-anon k10 a50 + attn...,Label k-anon + dropout,0.5847755648311351,0.6309861855740513,0.9136952998379254,0.21286617816642978,4
46980_MIC,label_kanon_k10_a50+attn_drop_p30,label k-anon k10 a50 + attn drop p30,label k-anon k10 a50 + attn...,Label k-anon + dropout,0.5666387129651762,0.6309231419872915,0.9080226904376012,0.21629351649246492,4
46980_MIC,label_kanon_k10_a50+attn_drop_p50,label k-anon k10 a50 + attn drop p50,label k-anon k10 a50 + attn...,Label k-anon + dropout,0.5512652716521885,0.6095585898200369,0.9064019448946515,0.23304176768963641,4
46980_MIC,label_kanon_k3,label k-anon k3,label k-anon k3,Label k-anon,0.5579446083285832,0.7028634265765494,0.9206000000000001,0.19724773607853133,4
46980_MIC,label_kanon_k3+attn_drop_p10,label k-anon k3 + attn drop p10,label k-anon k3 + attn drop p10,Label k-anon + dropout,0.5358100706876217,0.6183006338507285,0.9088330632090761,0.23882946447099856,4
46980_MIC,label_kanon_k3+attn_drop_p30,label k-anon k3 + attn drop p30,label k-anon k3 + attn drop p30,Label k-anon + dropout,0.5180793902634434,0.6132765196787929,0.9076175040518638,0.24899130261184327,4
46980_MIC,label_kanon_k3+attn_drop_p50,label k-anon k3 + attn drop p50,label k-anon k3 + attn drop p50,Label k-anon + dropout,0.520984648886624,0.6019989413931056,0.9051863857374393,0.25074634412867197,4
46980_MIC,label_kanon_k3_a30,label k-anon k3 a30,label k-anon k3 a30,Label k-anon,0.638656160277812,0.8147181820331031,0.923825,0.10418958237563998,4
46980_MIC,label_kanon_k3_a30+attn_drop_p10,label k-anon k3 a30 + attn drop p10,label k-anon k3 a30 + attn drop...,Label k-anon + dropout,0.5784800716595436,0.7045672451791357,0.9108589951377634,0.17638709024952123,4
46980_MIC,label_kanon_k3_a30+attn_drop_p30,label k-anon k3 a30 + attn drop p30,label k-anon k3 a30 + attn drop...,Label k-anon + dropout,0.5580227561080042,0.6956800695580907,0.9108589951377634,0.19105933583581342,4
46980_MIC,label_kanon_k3_a30+attn_drop_p50,label k-anon k3 a30 + attn drop p50,label k-anon k3 a30 + attn drop...,Label k-anon + dropout,0.5453427863689257,0.6769925713640268,0.9068071312803889,0.20269120594501017,4
46980_MIC,label_kanon_k3_a50,label k-anon k3 a50,label k-anon k3 a50,Label k-anon,0.6713511554050682,0.860842446196239,0.923825,0.06477995273044398,4
46980_MIC,label_kanon_k3_a50+attn_drop_p10,label k-anon k3 a50 + attn drop p10,label k-anon k3 a50 + attn drop...,Label k-anon + dropout,0.6101916525037497,0.7352330248575609,0.920583468395462,0.15492288324590425,4
46980_MIC,label_kanon_k3_a50+attn_drop_p30,label k-anon k3 a50 + attn drop p30,label k-anon k3 a50 + attn drop...,Label k-anon + dropout,0.5859313639217314,0.7159728807504289,0.9092382495948137,0.16533788078983108,4
46980_MIC,label_kanon_k3_a50+attn_drop_p50,label k-anon k3 a50 + attn drop p50,label k-anon k3 a50 + attn drop...,Label k-anon + dropout,0.5559633322738509,0.7038195876424063,0.9080226904376013,0.18518298401057032,4
46980_MIC,label_kanon_k5,label k-anon k5,label k-anon k5,Label k-anon,0.5411159108878901,0.6212449663636197,0.91815,0.24402131490534265,4
46980_MIC,label_kanon_k5+attn_drop_p10,label k-anon k5 + attn drop p10,label k-anon k5 + attn drop p10,Label k-anon + dropout,0.5147377518131598,0.5817898599644329,0.9059967585089141,0.2647847061512153,4
46980_MIC,label_kanon_k5+attn_drop_p30,label k-anon k5 + attn drop p30,label k-anon k5 + attn drop p30,Label k-anon + dropout,0.5115024994155334,0.5725933767458476,0.9027552674230146,0.2677590828734216,4
46980_MIC,label_kanon_k5+attn_drop_p50,label k-anon k5 + attn drop p50,label k-anon k5 + attn drop p50,Label k-anon + dropout,0.5127650129108012,0.5664229856917327,0.9023500810372771,0.2698078352671078,4
46980_MIC,label_kanon_k5_a30,label k-anon k5 a30,label k-anon k5 a30,Label k-anon,0.5930290210644384,0.7927898494571685,0.9234249999999999,0.1375673182702941,4
46980_MIC,label_kanon_k5_a30+attn_drop_p10,label k-anon k5 a30 + attn drop p10,label k-anon k5 a30 + attn drop...,Label k-anon + dropout,0.5583914954201461,0.681447323143038,0.9112641815235009,0.19839652577300637,4
46980_MIC,label_kanon_k5_a30+attn_drop_p30,label k-anon k5 a30 + attn drop p30,label k-anon k5 a30 + attn drop...,Label k-anon + dropout,0.5528423463772265,0.673669977330577,0.9088330632090762,0.20262865488627196,4
46980_MIC,label_kanon_k5_a30+attn_drop_p50,label k-anon k5 a30 + attn drop p50,label k-anon k5 a30 + attn drop...,Label k-anon + dropout,0.5367045015747762,0.655467126709729,0.9068071312803889,0.21777307066923385,4
46980_MIC,label_kanon_k5_a50,label k-anon k5 a50,label k-anon k5 a50,Label k-anon,0.6506810677482144,0.8396020110904175,0.9222,0.08411021411178159,4
46980_MIC,label_kanon_k5_a50+attn_drop_p10,label k-anon k5 a50 + attn drop p10,label k-anon k5 a50 + attn drop...,Label k-anon + dropout,0.5922672443910909,0.7229382120313431,0.9128849270664505,0.16233395238633105,4
46980_MIC,label_kanon_k5_a50+attn_drop_p30,label k-anon k5 a50 + attn drop p30,label k-anon k5 a50 + attn drop...,Label k-anon + dropout,0.5775603576672822,0.7062943767747426,0.910453808752026,0.17557819506211106,4
46980_MIC,label_kanon_k5_a50+attn_drop_p50,label k-anon k5 a50 + attn drop p50,label k-anon k5 a50 + attn drop...,Label k-anon + dropout,0.5522404771348791,0.6874594485262249,0.9076175040518638,0.1948192947524094,4
46980_MIC,no_defense,No defense,No defense,No defense,0.7743578091302875,0.9027926995526532,0.9315235008103728,0.0,4
credit_rating,attn_drop_p10,attn drop p10,attn drop p10,Attention dropout,0.8800528649975794,0.8622797651981464,0.5519,0.0547460863476035,4
credit_rating,attn_drop_p30,attn drop p30,attn drop p30,Attention dropout,0.8003157635382807,0.7965717719067709,0.49277499999999996,0.06834363372294065,4
credit_rating,attn_drop_p50,attn drop p50,attn drop p50,Attention dropout,0.7483347309634139,0.7659299571201328,0.45335000000000003,0.07023005740369306,4
credit_rating,attn_drop_p70,attn drop p70,attn drop p70,Attention dropout,0.7254409018604329,0.7338141468981256,0.4225,0.0668848770661871,4
credit_rating,attn_drop_p90,attn drop p90,attn drop p90,Attention dropout,0.6788760460612767,0.6817691403278234,0.36367499999999997,0.05736480825091629,4
credit_rating,highrisk_label_kanon_k10,high-risk label k-anon k10,high-risk label k-anon k10,High-risk label k-anon,0.3555553634414551,0.2919042637803444,0.49967500000000004,0.5499575878345667,4
credit_rating,highrisk_label_kanon_k10_a30,high-risk label k-anon k10 a30,high-risk label k-anon k10 a30,High-risk label k-anon,0.4867474410401825,0.20659148281347256,0.50755,0.5348929395186388,4
credit_rating,highrisk_label_kanon_k10_a50,high-risk label k-anon k10 a50,high-risk label k-anon k10 a50,High-risk label k-anon,0.634430112732554,0.3707189293865413,0.530875,0.4023128803859187,4
credit_rating,highrisk_label_kanon_k3,high-risk label k-anon k3,high-risk label k-anon k3,High-risk label k-anon,0.4233617470087835,0.14187962514696725,0.5072,0.598591715367591,4
credit_rating,highrisk_label_kanon_k3_a30,high-risk label k-anon k3 a30,high-risk label k-anon k3 a30,High-risk label k-anon,0.5913604848191437,0.33992063766512204,0.527925,0.4362968402033336,4
credit_rating,highrisk_label_kanon_k3_a50,high-risk label k-anon k3 a50,high-risk label k-anon k3 a50,High-risk label k-anon,0.6911043727090393,0.4209663963621274,0.544025,0.36200201690988304,4
credit_rating,highrisk_label_kanon_k5,high-risk label k-anon k5,high-risk label k-anon k5,High-risk label k-anon,0.3856402154367521,0.15865939899024828,0.501325,0.6031875942319662,4
credit_rating,highrisk_label_kanon_k5_a30,high-risk label k-anon k5 a30,high-risk label k-anon k5 a30,High-risk label k-anon,0.5717405681582406,0.25703368144408323,0.52135,0.4809752766443045,4
credit_rating,highrisk_label_kanon_k5_a50,high-risk label k-anon k5 a50,high-risk label k-anon k5 a50,High-risk label k-anon,0.6801293744380663,0.4182066532955253,0.53675,0.3615943875786705,4
credit_rating,label_kanon_k10,label k-anon k10,label k-anon k10,Label k-anon,0.531259941904696,0.5093268033750605,0.36829999999999996,0.2220190288055881,4
credit_rating,label_kanon_k10+attn_drop_p10,label k-anon k10 + attn drop p10,label k-anon k10 + attn drop p10,Label k-anon + dropout,0.5288161785047375,0.5104065806763953,0.3567674113009198,0.2111684331558198,4
credit_rating,label_kanon_k10+attn_drop_p30,label k-anon k10 + attn drop p30,label k-anon k10 + attn drop p30,Label k-anon + dropout,0.5258061587938309,0.5011813576319248,0.3340998685939553,0.19461851182654394,4
credit_rating,label_kanon_k10+attn_drop_p50,label k-anon k10 + attn drop p50,label k-anon k10 + attn drop p50,Label k-anon + dropout,0.5220701639117504,0.5063020869354726,0.3229303547963206,0.1827566308181754,4
credit_rating,label_kanon_k10_a30,label k-anon k10 a30,label k-anon k10 a30,Label k-anon,0.6398873538972267,0.6201619665952002,0.408025,0.15201274119925298,4
credit_rating,label_kanon_k10_a30+attn_drop_p10,label k-anon k10 a30 + attn drop p10,label k-anon k10 a30 + attn...,Label k-anon + dropout,0.5972452278857459,0.5728335292897158,0.3961892247043364,0.18516224756207195,4
credit_rating,label_kanon_k10_a30+attn_drop_p30,label k-anon k10 a30 + attn drop p30,label k-anon k10 a30 + attn...,Label k-anon + dropout,0.5753081990455771,0.5551624420775987,0.38304862023653086,0.19182570112040936,4
credit_rating,label_kanon_k10_a30+attn_drop_p50,label k-anon k10 a30 + attn drop p50,label k-anon k10 a30 + attn...,Label k-anon + dropout,0.5580224687046131,0.5368170343730548,0.3669513797634691,0.19354402967010154,4
credit_rating,label_kanon_k10_a50,label k-anon k10 a50,label k-anon k10 a50,Label k-anon,0.7434178107061347,0.7418956186458261,0.47240000000000004,0.10375568676948604,4
credit_rating,label_kanon_k10_a50+attn_drop_p10,label k-anon k10 a50 + attn drop p10,label k-anon k10 a50 + attn...,Label k-anon + dropout,0.6631163980911543,0.657708866449962,0.43528252299605785,0.1488822921709661,4
credit_rating,label_kanon_k10_a50+attn_drop_p30,label k-anon k10 a50 + attn drop p30,label k-anon k10 a50 + attn...,Label k-anon + dropout,0.6242619216405008,0.6143293104640708,0.41918528252299603,0.17390206791617668,4
credit_rating,label_kanon_k10_a50+attn_drop_p50,label k-anon k10 a50 + attn drop p50,label k-anon k10 a50 + attn...,Label k-anon + dropout,0.5981572895774259,0.5961682602531295,0.40111695137976344,0.17796657790995218,4
credit_rating,label_kanon_k3,label k-anon k3,label k-anon k3,Label k-anon,0.6011919479217097,0.6201816342762294,0.391925,0.1552506103464969,4
credit_rating,label_kanon_k3+attn_drop_p10,label k-anon k3 + attn drop p10,label k-anon k3 + attn drop p10,Label k-anon + dropout,0.5749755774949858,0.5967455391105886,0.3817345597897503,0.16988640293242951,4
credit_rating,label_kanon_k3+attn_drop_p30,label k-anon k3 + attn drop p30,label k-anon k3 + attn drop p30,Label k-anon + dropout,0.5603162390206792,0.571555778407912,0.3676084099868594,0.17568480271803016,4
credit_rating,label_kanon_k3+attn_drop_p50,label k-anon k3 + attn drop p50,label k-anon k3 + attn drop p50,Label k-anon + dropout,0.551964606819282,0.5605857510892869,0.3495400788436268,0.16727730133480873,4
credit_rating,label_kanon_k3_a30,label k-anon k3 a30,label k-anon k3 a30,Label k-anon,0.7056547824884156,0.780971194411785,0.45665,0.08734941299536615,4
credit_rating,label_kanon_k3_a30+attn_drop_p10,label k-anon k3 a30 + attn drop p10,label k-anon k3 a30 + attn drop...,Label k-anon + dropout,0.6583905353067294,0.7118321633584619,0.42181340341655715,0.11071445552942795,4
credit_rating,label_kanon_k3_a30+attn_drop_p30,label k-anon k3 a30 + attn drop p30,label k-anon k3 a30 + attn drop...,Label k-anon + dropout,0.6233342987066879,0.6618913825299122,0.40473061760841,0.13613017843557634,4
credit_rating,label_kanon_k3_a30+attn_drop_p50,label k-anon k3 a30 + attn drop p50,label k-anon k3 a30 + attn drop...,Label k-anon + dropout,0.596327762984992,0.6358855211287088,0.3932325886990801,0.1511383480876961,4
credit_rating,label_kanon_k3_a50,label k-anon k3 a50,label k-anon k3 a50,Label k-anon,0.7865596254927727,0.8638255152500174,0.49572499999999997,0.04454483107407138,4
credit_rating,label_kanon_k3_a50+attn_drop_p10,label k-anon k3 a50 + attn drop p10,label k-anon k3 a50 + attn drop...,Label k-anon + dropout,0.7162759786292275,0.7786810982778892,0.4586070959264126,0.08514095891832064,4
credit_rating,label_kanon_k3_a50+attn_drop_p30,label k-anon k3 a50 + attn drop p30,label k-anon k3 a50 + attn drop...,Label k-anon + dropout,0.6816472439311155,0.7310665070198492,0.4369250985545335,0.1045806245245175,4
credit_rating,label_kanon_k3_a50+attn_drop_p50,label k-anon k3 a50 + attn drop p50,label k-anon k3 a50 + attn drop...,Label k-anon + dropout,0.6476547911335501,0.6949460543606059,0.41754270696452034,0.12025468566290883,4
credit_rating,label_kanon_k5,label k-anon k5,label k-anon k5,Label k-anon,0.564931011826544,0.5322048551075454,0.382725,0.20816946797842167,4
credit_rating,label_kanon_k5+attn_drop_p10,label k-anon k5 + attn drop p10,label k-anon k5 + attn drop p10,Label k-anon + dropout,0.5470848606404316,0.5236461719344353,0.37155059132720103,0.210197476485234,4
credit_rating,label_kanon_k5+attn_drop_p30,label k-anon k5 + attn drop p30,label k-anon k5 + attn drop p30,Label k-anon + dropout,0.543091889134795,0.5162753302441386,0.34132720105124836,0.18565599280724793,4
credit_rating,label_kanon_k5+attn_drop_p50,label k-anon k5 + attn drop p50,label k-anon k5 + attn drop p50,Label k-anon + dropout,0.5352987326232796,0.5164482329345045,0.3318002628120893,0.17993918147866372,4
credit_rating,label_kanon_k5_a30,label k-anon k5 a30,label k-anon k5 a30,Label k-anon,0.6929890120340273,0.6670763019572585,0.44645,0.14042974444982353,4
credit_rating,label_kanon_k5_a30+attn_drop_p10,label k-anon k5 a30 + attn drop p10,label k-anon k5 a30 + attn drop...,Label k-anon + dropout,0.6305758956359361,0.6011309997233557,0.40867279894875164,0.16683175271457215,4
credit_rating,label_kanon_k5_a30+attn_drop_p30,label k-anon k5 a30 + attn drop p30,label k-anon k5 a30 + attn drop...,Label k-anon + dropout,0.6006218013002282,0.5672358046891209,0.3968462549277267,0.1869298533785185,4
credit_rating,label_kanon_k5_a30+attn_drop_p50,label k-anon k5 a30 + attn drop p50,label k-anon k5 a30 + attn drop...,Label k-anon + dropout,0.5760049968877515,0.5529319973718791,0.38107752956636,0.19062143388201108,4
credit_rating,label_kanon_k5_a50,label k-anon k5 a50,label k-anon k5 a50,Label k-anon,0.7696607649215021,0.7952855920188119,0.479625,0.0711642229753094,4
credit_rating,label_kanon_k5_a50+attn_drop_p10,label k-anon k5 a50 + attn drop p10,label k-anon k5 a50 + attn drop...,Label k-anon + dropout,0.6805447731516703,0.6964464174562557,0.4385676741130092,0.12408448025451259,4
credit_rating,label_kanon_k5_a50+attn_drop_p30,label k-anon k5 a50 + attn drop p30,label k-anon k5 a50 + attn drop...,Label k-anon + dropout,0.6438924285911889,0.6623692423404108,0.42706964520367935,0.14795121118334592,4
credit_rating,label_kanon_k5_a50+attn_drop_p50,label k-anon k5 a50 + attn drop p50,label k-anon k5 a50 + attn drop...,Label k-anon + dropout,0.6122992167508126,0.6334363545196764,0.4080157687253614,0.1591603845355833,4
credit_rating,no_defense,No defense,No defense,No defense,0.958873582197939,0.948809564976831,0.5798291721419185,0.0,4
dropout_success,attn_drop_p10,attn drop p10,attn drop p10,Attention dropout,0.7391699375899481,0.8344762035562503,0.7741,0.09115890041750821,4
dropout_success,attn_drop_p30,attn drop p30,attn drop p30,Attention dropout,0.6990316395745928,0.79876014658387,0.757225,0.11221107791137598,4
dropout_success,attn_drop_p50,attn drop p50,attn drop p50,Attention dropout,0.6476473514150627,0.7687094359187887,0.7414000000000001,0.13710357732368167,4
dropout_success,attn_drop_p70,attn drop p70,attn drop p70,Attention dropout,0.608847216181778,0.728428074749635,0.719725,0.1549693255249009,4
dropout_success,attn_drop_p90,attn drop p90,attn drop p90,Attention dropout,0.581648730634699,0.6615115789412491,0.6683250000000001,0.15062681620263335,4
dropout_success,highrisk_label_kanon_k10,high-risk label k-anon k10,high-risk label k-anon k10,High-risk label k-anon,0.5157371740022185,0.17299055765018176,0.7385602019288728,0.49807830709328005,4
dropout_success,highrisk_label_kanon_k10_a30,high-risk label k-anon k10 a30,high-risk label k-anon k10 a30,High-risk label k-anon,0.5960408384899653,0.19508999989463283,0.7543615883062086,0.4626781401045169,4
dropout_success,highrisk_label_kanon_k10_a50,high-risk label k-anon k10 a50,high-risk label k-anon k10 a50,High-risk label k-anon,0.6741619042532359,0.4460313554466277,0.761309508740205,0.30509484988088054,4
dropout_success,highrisk_label_kanon_k3,high-risk label k-anon k3,high-risk label k-anon k3,High-risk label k-anon,0.5738351661767094,0.184233323196287,0.7536115883062086,0.4784593146103177,4
dropout_success,highrisk_label_kanon_k3_a30,high-risk label k-anon k3 a30,high-risk label k-anon k3 a30,High-risk label k-anon,0.6698157818914565,0.4431534243778161,0.7596581223628692,0.30705549021884027,4
dropout_success,highrisk_label_kanon_k3_a50,high-risk label k-anon k3 a50,high-risk label k-anon k3 a50,High-risk label k-anon,0.6913758533376497,0.6043152479706831,0.767784508740205,0.22382092907664586,4
dropout_success,highrisk_label_kanon_k5,high-risk label k-anon k5,high-risk label k-anon k5,High-risk label k-anon,0.5531660375521249,0.17384380446618636,0.7465095087402049,0.48688655872165665,4
dropout_success,highrisk_label_kanon_k5_a30,high-risk label k-anon k5 a30,high-risk label k-anon k5 a30,High-risk label k-anon,0.6300793323792157,0.23934016003453132,0.756033815551537,0.425206040335271,4
dropout_success,highrisk_label_kanon_k5_a50,high-risk label k-anon k5 a50,high-risk label k-anon k5 a50,High-risk label k-anon,0.6803797468354431,0.5172976523836047,0.764034508740205,0.26907778012128847,4
dropout_success,label_kanon_k10,label k-anon k10,label k-anon k10,Label k-anon,0.5399434142080696,0.5313544474564915,0.71085,0.27908304015832686,4
dropout_success,label_kanon_k10+attn_drop_p10,label k-anon k10 + attn drop p10,label k-anon k10 + attn drop p10,Label k-anon + dropout,0.5303796650850694,0.5259664620000647,0.7014767932489452,0.27718570069698545,4
dropout_success,label_kanon_k10+attn_drop_p30,label k-anon k10 + attn drop p30,label k-anon k10 + attn drop p30,Label k-anon + dropout,0.5195081824857273,0.5208427119178601,0.6936407474382158,0.2773472712270295,4
dropout_success,label_kanon_k10+attn_drop_p50,label k-anon k10 + attn drop p50,label k-anon k10 + attn drop p50,Label k-anon + dropout,0.5150317136949316,0.5220297273425206,0.6601868595539482,0.24553811002582945,4
dropout_success,label_kanon_k10_a30,label k-anon k10 a30,label k-anon k10 a30,Label k-anon,0.6003831458343097,0.707425495434514,0.7455,0.19547765035619544,4
dropout_success,label_kanon_k10_a30+attn_drop_p10,label k-anon k10 a30 + attn drop p10,label k-anon k10 a30 + attn...,Label k-anon + dropout,0.5783029603445288,0.636821649024936,0.7352320675105485,0.23155173381642347,4
dropout_success,label_kanon_k10_a30+attn_drop_p30,label k-anon k10 a30 + attn drop p30,label k-anon k10 a30 + attn...,Label k-anon + dropout,0.5564195661707507,0.6236076094701086,0.7234779987944545,0.2373463819646322,4
dropout_success,label_kanon_k10_a30+attn_drop_p50,label k-anon k10 a30 + attn drop p50,label k-anon k10 a30 + attn...,Label k-anon + dropout,0.5439727992890261,0.607293959083393,0.689873417721519,0.21812200952591684,4
dropout_success,label_kanon_k10_a50,label k-anon k10 a50,label k-anon k10 a50,Label k-anon,0.6663400739241379,0.7917051347591326,0.757975,0.13283436664897216,4
dropout_success,label_kanon_k10_a50+attn_drop_p10,label k-anon k10 a50 + attn drop p10,label k-anon k10 a50 + attn...,Label k-anon + dropout,0.6366784950373889,0.7012988045188701,0.745177817962628,0.18007113917510598,4
dropout_success,label_kanon_k10_a50+attn_drop_p30,label k-anon k10 a50 + attn drop p30,label k-anon k10 a50 + attn...,Label k-anon + dropout,0.5995635983389778,0.6859223313317209,0.7349306811332128,0.19606968728847085,4
dropout_success,label_kanon_k10_a50+attn_drop_p50,label k-anon k10 a50 + attn drop p50,label k-anon k10 a50 + attn...,Label k-anon + dropout,0.5823661809967805,0.6767518469226071,0.7115732368896925,0.1858961939206062,4
dropout_success,label_kanon_k3,label k-anon k3,label k-anon k3,Label k-anon,0.5767333077545498,0.6222713087798811,0.745025,0.24940466272339193,4
dropout_success,label_kanon_k3+attn_drop_p10,label k-anon k3 + attn drop p10,label k-anon k3 + attn drop p10,Label k-anon + dropout,0.5646777164104974,0.573086378171415,0.7329716696805304,0.2679715933801817,4
dropout_success,label_kanon_k3+attn_drop_p30,label k-anon k3 + attn drop p30,label k-anon k3 + attn drop p30,Label k-anon + dropout,0.5446363852382805,0.5677150152909531,0.7147377938517179,0.2624440645777084,4
dropout_success,label_kanon_k3+attn_drop_p50,label k-anon k3 + attn drop p50,label k-anon k3 + attn drop p50,Label k-anon + dropout,0.5332687687049397,0.5539547469898604,0.6891199517781796,0.249390164921387,4
dropout_success,label_kanon_k3_a30,label k-anon k3 a30,label k-anon k3 a30,Label k-anon,0.6591192450916167,0.759481181245665,0.754825,0.14940675782196655,4
dropout_success,label_kanon_k3_a30+attn_drop_p10,label k-anon k3 a30 + attn drop p10,label k-anon k3 a30 + attn drop...,Label k-anon + dropout,0.6225733764103303,0.6764665835356201,0.745177817962628,0.1995398089802603,4
dropout_success,label_kanon_k3_a30+attn_drop_p30,label k-anon k3 a30 + attn drop p30,label k-anon k3 a30 + attn drop...,Label k-anon + dropout,0.5911547549105634,0.6574463145296574,0.7295057263411694,0.2090871626116664,4
dropout_success,label_kanon_k3_a30+attn_drop_p50,label k-anon k3 a30 + attn drop p50,label k-anon k3 a30 + attn drop...,Label k-anon + dropout,0.5685421928211545,0.6433132191080779,0.7010247136829415,0.19897897870893266,4
dropout_success,label_kanon_k3_a50,label k-anon k3 a50,label k-anon k3 a50,Label k-anon,0.6753186266227903,0.8295490631225518,0.761,0.11244812611793632,4
dropout_success,label_kanon_k3_a50+attn_drop_p10,label k-anon k3 a50 + attn drop p10,label k-anon k3 a50 + attn drop...,Label k-anon + dropout,0.6428018251043408,0.7306694429093541,0.752411091018686,0.16955742800244594,4
dropout_success,label_kanon_k3_a50+attn_drop_p30,label k-anon k3 a50 + attn drop p30,label k-anon k3 a50 + attn drop...,Label k-anon + dropout,0.6175084865971171,0.709682577832714,0.7427667269439422,0.18305316571963393,4
dropout_success,label_kanon_k3_a50+attn_drop_p50,label k-anon k3 a50 + attn drop p50,label k-anon k3 a50 + attn drop...,Label k-anon + dropout,0.5949121837486797,0.697948174623158,0.7328209764918625,0.1902727682965511,4
dropout_success,label_kanon_k5,label k-anon k5,label k-anon k5,Label k-anon,0.5531096752112157,0.5545666031193763,0.72845,0.27849383182531134,4
dropout_success,label_kanon_k5+attn_drop_p10,label k-anon k5 + attn drop p10,label k-anon k5 + attn drop p10,Label k-anon + dropout,0.5425673741162331,0.5369622505841518,0.7166968053044003,0.2808139639448151,4
dropout_success,label_kanon_k5+attn_drop_p30,label k-anon k5 + attn drop p30,label k-anon k5 + attn drop p30,Label k-anon + dropout,0.5275941573552991,0.5316706851516978,0.7093128390596745,0.2835623887967834,4
dropout_success,label_kanon_k5+attn_drop_p50,label k-anon k5 + attn drop p50,label k-anon k5 + attn drop p50,Label k-anon + dropout,0.5216837870115734,0.529987626626787,0.6748040988547317,0.25285036302615893,4
dropout_success,label_kanon_k5_a30,label k-anon k5 a30,label k-anon k5 a30,Label k-anon,0.6268077278446496,0.7300349691764758,0.75165,0.1771106224800447,4
dropout_success,label_kanon_k5_a30+attn_drop_p10,label k-anon k5 a30 + attn drop p10,label k-anon k5 a30 + attn drop...,Label k-anon + dropout,0.5938094620425749,0.6520339856286476,0.7393007836045811,0.22026103075957718,4
dropout_success,label_kanon_k5_a30+attn_drop_p30,label k-anon k5 a30 + attn drop p30,label k-anon k5 a30 + attn drop...,Label k-anon + dropout,0.5713267467965661,0.6307109448490179,0.722875226039783,0.22573835120759833,4
dropout_success,label_kanon_k5_a30+attn_drop_p50,label k-anon k5 a30 + attn drop p50,label k-anon k5 a30 + attn drop...,Label k-anon + dropout,0.5625443041608034,0.6214447216690446,0.6937914406268837,0.20567889870256703,4
dropout_success,label_kanon_k5_a50,label k-anon k5 a50,label k-anon k5 a50,Label k-anon,0.6690053177709688,0.8049670436993897,0.75875,0.12564579025542813,4
dropout_success,label_kanon_k5_a50+attn_drop_p10,label k-anon k5 a50 + attn drop p10,label k-anon k5 a50 + attn drop...,Label k-anon + dropout,0.6319344754405528,0.70997460833396,0.7480409885473176,0.18096841765066857,4
dropout_success,label_kanon_k5_a50+attn_drop_p30,label k-anon k5 a50 + attn drop p30,label k-anon k5 a50 + attn drop...,Label k-anon + dropout,0.6111670647001524,0.6933512148650519,0.7393007836045811,0.19092361481258632,4
dropout_success,label_kanon_k5_a50+attn_drop_p50,label k-anon k5 a50 + attn drop p50,label k-anon k5 a50 + attn drop...,Label k-anon + dropout,0.5947757514585175,0.6795908103133365,0.7191078963230861,0.1858065864277666,4
dropout_success,no_defense,No defense,No defense,No defense,0.8267143689179993,0.9422310076623717,0.7805907172995781,0.0,4
locations,attn_drop_p10,attn drop p10,attn drop p10,Attention dropout,0.7970120673985839,0.8472706197967546,0.798275,0.08389338735231648,4
locations,attn_drop_p30,attn drop p30,attn drop p30,Attention dropout,0.7561615782388305,0.8312046500551611,0.740675,0.05475161680298986,4
locations,attn_drop_p50,attn drop p50,attn drop p50,Attention dropout,0.7011906410835873,0.8016260370040971,0.54985,-0.0937986080938565,4
locations,attn_drop_p70,attn drop p70,attn drop p70,Attention dropout,0.6565241347971675,0.7370754175961431,0.47935,-0.10969004524666967,4
locations,attn_drop_p90,attn drop p90,attn drop p90,Attention dropout,0.6174305383430291,0.6774813983213535,0.44079999999999997,-0.0988962373822056,4
locations,highrisk_label_kanon_k10,high-risk label k-anon k10,high-risk label k-anon k10,High-risk label k-anon,0.23600773470191141,0.1661168783199926,0.7075573208722742,0.6142547453113079,4
locations,highrisk_label_kanon_k10_a30,high-risk label k-anon k10 a30,high-risk label k-anon k10 a30,High-risk label k-anon,0.43258106492483994,0.21735775973094995,0.767518769470405,0.5503090880924957,4
locations,highrisk_label_kanon_k10_a50,high-risk label k-anon k10 a50,high-risk label k-anon k10 a50,High-risk label k-anon,0.6838674481558702,0.5818719898328644,0.7971225856697819,0.27201259762540037,4
locations,highrisk_label_kanon_k3,high-risk label k-anon k3,high-risk label k-anon k3,High-risk label k-anon,0.4436731207566059,0.2432385145873124,0.7904937694704051,0.5547976827484316,4
locations,highrisk_label_kanon_k3_a30,high-risk label k-anon k3 a30,high-risk label k-anon k3 a30,High-risk label k-anon,0.7349394443067443,0.598911479823679,0.804147585669782,0.244981854554556,4
locations,highrisk_label_kanon_k3_a50,high-risk label k-anon k3 a50,high-risk label k-anon k3 a50,High-risk label k-anon,0.8074343534489044,0.7254241571532021,0.807243769470405,0.14857424511933753,4
locations,highrisk_label_kanon_k5,high-risk label k-anon k5,high-risk label k-anon k5,High-risk label k-anon,0.30165550079947123,0.17135566263772042,0.764039953271028,0.6352941025024179,4
locations,highrisk_label_kanon_k5_a30,high-risk label k-anon k5 a30,high-risk label k-anon k5 a30,High-risk label k-anon,0.6057820116542979,0.4440072462711592,0.7940081775700935,0.37687327955735056,4
locations,highrisk_label_kanon_k5_a50,high-risk label k-anon k5 a50,high-risk label k-anon k5 a50,High-risk label k-anon,0.7628100684775054,0.6482265832689382,0.802572585669782,0.20481399074654577,4
locations,label_kanon_k10,label k-anon k10,label k-anon k10,Label k-anon,0.6072761602052867,0.6537821793245562,0.456775,-0.06599443881493579,4
locations,label_kanon_k10_a30,label k-anon k10 a30,label k-anon k10 a30,Label k-anon,0.7210528841714416,0.8771092432482346,0.6908,-0.0005213327598524303,4
locations,label_kanon_k10_a50,label k-anon k10 a50,label k-anon k10 a50,Label k-anon,0.8151329090546799,0.9269881075616857,0.7702249999999999,0.006924222641802855,4
locations,label_kanon_k3,label k-anon k3,label k-anon k3,Label k-anon,0.7190116810279888,0.8106018633268696,0.712625,0.05557795877255646,4
locations,label_kanon_k3_a30,label k-anon k3 a30,label k-anon k3 a30,Label k-anon,0.823349662958481,0.9319887515126773,0.77765,0.007740523714406519,4
locations,label_kanon_k3_a50,label k-anon k3 a50,label k-anon k3 a50,Label k-anon,0.8405920582617697,0.9497663551401868,0.79555,0.008130524249007356,4
locations,label_kanon_k5,label k-anon k5,label k-anon k5,Label k-anon,0.6579681645209734,0.7113015829044377,0.602,0.02512485723728014,4
locations,label_kanon_k5_a30,label k-anon k5 a30,label k-anon k5 a30,Label k-anon,0.792715820782364,0.8986910177341673,0.75,0.012056311691720015,4
locations,label_kanon_k5_a50,label k-anon k5 a50,label k-anon k5 a50,Label k-anon,0.8330933704637905,0.9357716598383561,0.78625,0.009577215798912367,4
locations,no_defense,No defense,No defense,No defense,0.8653249401004077,0.9716898489023673,0.8107476635514018,0.0,4
url,attn_drop_p10,attn drop p10,attn drop p10,Attention dropout,0.7006160615501663,0.7947473396002873,0.9627274848343443,0.08086671185678922,4
url,attn_drop_p30,attn drop p30,attn drop p30,Attention dropout,0.6631151959989103,0.7511369342370487,0.9577111525898273,0.11640601506951943,4
url,attn_drop_p50,attn drop p50,attn drop p50,Attention dropout,0.6381716623309261,0.7389077837336898,0.9439454036397573,0.12122660820512102,4
url,attn_drop_p70,attn drop p70,attn drop p70,Attention dropout,0.6236731140073629,0.7145277906189051,0.9294797013532432,0.1262001766377808,4
url,attn_drop_p90,attn drop p90,attn drop p90,Attention dropout,0.5849145997593006,0.6776366487684458,0.8470018665422305,0.08154716987602903,4
url,highrisk_label_kanon_k10,high-risk label k-anon k10,high-risk label k-anon k10,High-risk label k-anon,0.4974612401792594,0.49979745284052146,0.928469108726085,0.22500835717500628,2
url,highrisk_label_kanon_k10_a30,high-risk label k-anon k10 a30,high-risk label k-anon k10 a30,High-risk label k-anon,0.516684317016912,0.5425494246098324,0.9451703219785348,0.21072204612397438,2
url,highrisk_label_kanon_k10_a50,high-risk label k-anon k10 a50,high-risk label k-anon k10 a50,High-risk label k-anon,0.5480493495953902,0.6081754800107741,0.9519365375641624,0.16899271771989194,2
url,highrisk_label_kanon_k3,high-risk label k-anon k3,high-risk label k-anon k3,High-risk label k-anon,0.5133895879954247,0.5220557566344232,0.9458518198786748,0.22329774252256263,2
url,highrisk_label_kanon_k3_a30,high-risk label k-anon k3 a30,high-risk label k-anon k3 a30,High-risk label k-anon,0.5494335919680327,0.5806577411093732,0.9533348810079327,0.18345780942804152,2
url,highrisk_label_kanon_k3_a50,high-risk label k-anon k3 a50,high-risk label k-anon k3 a50,High-risk label k-anon,0.5835377404299972,0.674532926223024,0.9605846476901541,0.12671790932245514,2
url,highrisk_label_kanon_k5,high-risk label k-anon k5,high-risk label k-anon k5,High-risk label k-anon,0.5023961480029501,0.5018386023448491,0.9393354176388241,0.23238663742373622,2
url,highrisk_label_kanon_k5_a30,high-risk label k-anon k5 a30,high-risk label k-anon k5 a30,High-risk label k-anon,0.5275442498109396,0.5472182842966793,0.948335044330378,0.20612237223538024,2
url,highrisk_label_kanon_k5_a50,high-risk label k-anon k5 a50,high-risk label k-anon k5 a50,High-risk label k-anon,0.563664261704376,0.624697710306636,0.9557848110125993,0.15677241996590494,2
url,label_kanon_k10,label k-anon k10,label k-anon k10,Label k-anon,0.5201075994529281,0.521356007437426,0.9203803079794681,0.2654694321319627,4
url,label_kanon_k10_a30,label k-anon k10 a30,label k-anon k10 a30,Label k-anon,0.5674727008400093,0.6584185869565453,0.9445286980867942,0.19740398178618854,4
url,label_kanon_k10_a50,label k-anon k10 a50,label k-anon k10 a50,Label k-anon,0.6505182474535918,0.7607914372048552,0.9550279981334578,0.11519408340190597,4
url,label_kanon_k3,label k-anon k3,label k-anon k3,Label k-anon,0.5509369497080969,0.5859521725227651,0.9444703686420906,0.24184673512433127,4
url,label_kanon_k3_a30,label k-anon k3 a30,label k-anon k3 a30,Label k-anon,0.6317011291252227,0.7135169124904817,0.9556112925804947,0.14882319937031419,4
url,label_kanon_k3_a50,label k-anon k3 a50,label k-anon k3 a50,Label k-anon,0.7058250061677331,0.7977240057537928,0.9616192253849744,0.07566564702188308,4
url,label_kanon_k5,label k-anon k5,label k-anon k5,Label k-anon,0.5291359795176822,0.5356498651373156,0.9354293047130192,0.26885730998319196,4
url,label_kanon_k5_a30,label k-anon k5 a30,label k-anon k5 a30,Label k-anon,0.5958307049245403,0.6788370295456738,0.9496616892207186,0.1781487495832833,4
url,label_kanon_k5_a50,label k-anon k5 a50,label k-anon k5 a50,Label k-anon,0.6777138066748264,0.7717185659002419,0.9579444703686422,0.09904921167877963,4
url,no_defense,No defense,No defense,No defense,0.8017899191694888,0.870239243538687,0.9701936537564162,0.0,4
us_stocks_financial,attn_drop_p10,attn drop p10,attn drop p10,Attention dropout,0.6154139335967698,0.7803757378966154,0.9602307225258044,0.05421911156381169,4
us_stocks_financial,attn_drop_p30,attn drop p30,attn drop p30,Attention dropout,0.6061738440740998,0.7539613154715626,0.9506678809957498,0.062483526007618445,4
us_stocks_financial,attn_drop_p50,attn drop p50,attn drop p50,Attention dropout,0.5910309502770211,0.7282283403173845,0.9233454766241651,0.055599056111662215,4
us_stocks_financial,attn_drop_p70,attn drop p70,attn drop p70,Attention dropout,0.5647961519702986,0.6858748348914274,0.8532179720704312,0.019765703424267936,4
us_stocks_financial,attn_drop_p90,attn drop p90,attn drop p90,Attention dropout,0.5132813556985176,0.6205196731264992,0.8228597449908925,0.04784245536308393,4
us_stocks_financial,highrisk_label_kanon_k10,high-risk label k-anon k10,high-risk label k-anon k10,High-risk label k-anon,0.41232928335783003,0.3104401058169459,0.9389799635701275,0.36947849376743935,4
us_stocks_financial,highrisk_label_kanon_k10_a30,high-risk label k-anon k10 a30,high-risk label k-anon k10 a30,High-risk label k-anon,0.4731273010596072,0.3947998034364702,0.9652398299939283,0.32315950253058945,4
us_stocks_financial,highrisk_label_kanon_k10_a50,high-risk label k-anon k10 a50,high-risk label k-anon k10 a50,High-risk label k-anon,0.5379602718268648,0.5083058413505227,0.9734365513054037,0.24218671950140983,4
us_stocks_financial,highrisk_label_kanon_k3,high-risk label k-anon k3,high-risk label k-anon k3,High-risk label k-anon,0.4626372156842361,0.35485845914394587,0.9631147540983607,0.3462501414689695,4
us_stocks_financial,highrisk_label_kanon_k3_a30,high-risk label k-anon k3 a30,high-risk label k-anon k3 a30,High-risk label k-anon,0.537509690854819,0.49175116096717214,0.9732847601700061,0.25053755904371033,4
us_stocks_financial,highrisk_label_kanon_k3_a50,high-risk label k-anon k3 a50,high-risk label k-anon k3 a50,High-risk label k-anon,0.5836764531858443,0.5633653338907303,0.9761687917425622,0.19453112298897482,4
us_stocks_financial,highrisk_label_kanon_k5,high-risk label k-anon k5,high-risk label k-anon k5,High-risk label k-anon,0.4318049984350859,0.3159145862894357,0.952034001214329,0.3700574336367681,4
us_stocks_financial,highrisk_label_kanon_k5_a30,high-risk label k-anon k5 a30,high-risk label k-anon k5 a30,High-risk label k-anon,0.506725121460557,0.43000626887251353,0.9717722222222223,0.2952897518403868,4
us_stocks_financial,highrisk_label_kanon_k5_a50,high-risk label k-anon k5 a50,high-risk label k-anon k5 a50,High-risk label k-anon,0.5591268866983778,0.5233755583646592,0.9748098360655737,0.22544183831875506,4
us_stocks_financial,label_kanon_k10,label k-anon k10,label k-anon k10,Label k-anon,0.5063521871379177,0.5329486298983747,0.9192471159684275,0.1914799322349811,4
us_stocks_financial,label_kanon_k10_a30,label k-anon k10 a30,label k-anon k10 a30,Label k-anon,0.557185351814434,0.6552464343368322,0.9596235579842136,0.14529088969328047,4
us_stocks_financial,label_kanon_k10_a50,label k-anon k10 a50,label k-anon k10 a50,Label k-anon,0.6122602354412302,0.7192592998106251,0.9696417729204615,0.09576523007923364,4
us_stocks_financial,label_kanon_k3,label k-anon k3,label k-anon k3,Label k-anon,0.5563636797636519,0.569030221458382,0.9526411657559198,0.18182743992960276,4
us_stocks_financial,label_kanon_k3_a30,label k-anon k3 a30,label k-anon k3 a30,Label k-anon,0.6172410951965432,0.6692449962379392,0.9691863995142683,0.11782657858172692,4
us_stocks_financial,label_kanon_k3_a50,label k-anon k3 a50,label k-anon k3 a50,Label k-anon,0.6299751456992143,0.7232099244675514,0.9729811778992106,0.08827186760052765,4
us_stocks_financial,label_kanon_k5,label k-anon k5,label k-anon k5,Label k-anon,0.5199464795700375,0.5446667765240032,0.9427747419550698,0.20235133869274927,4
us_stocks_financial,label_kanon_k5_a30,label k-anon k5 a30,label k-anon k5 a30,Label k-anon,0.5854093789410859,0.6561080126181105,0.9678202792956891,0.13894480830079078,4
us_stocks_financial,label_kanon_k5_a50,label k-anon k5 a50,label k-anon k5 a50,Label k-anon,0.6253404010677543,0.7158148760105124,0.9725258044930176,0.0938313907385841,4
us_stocks_financial,no_defense,No defense,No defense,No defense,0.7325249879359687,0.8145080068671895,0.9816332726168792,0.0,4
