defense_key,defense_label,defense_short,family,model,model_label,rmia_auc,amia_row_max_auc,accuracy,rmia_auc_reduction,amia_auc_reduction,accuracy_drop,privacy_gain,tradeoff_score,n_results,n_datasets
highrisk_label_kanon_k10,high-risk label k-anon k10,high-risk label k-anon k10,High-risk label k-anon,tabicl,TabICL,0.3321881868745301,0.15464325962666295,0.8087490352893111,0.5664289572988341,0.765347546692594,0.022442666293198577,0.6658882519957141,0.6434455857025155,5,5
highrisk_label_kanon_k5,high-risk label k-anon k5,high-risk label k-anon k5,High-risk label k-anon,tabicl,TabICL,0.38680869634978393,0.13919643014955357,0.811222305749905,0.5118084478235805,0.7807943761697034,0.01996939583260473,0.6463014119966419,0.6263320161640372,5,5
highrisk_label_kanon_k10,high-risk label k-anon k10,high-risk label k-anon k10,High-risk label k-anon,tabdpt,TabDPT,0.4662407031303206,0.09087197300115293,0.7562776119740716,0.43207259436169637,0.8899767559560041,0.03840840954769868,0.6610246751588502,0.6226162656111516,5,5
highrisk_label_kanon_k5,high-risk label k-anon k5,high-risk label k-anon k5,High-risk label k-anon,tabdpt,TabDPT,0.508737794942195,0.08995965696311255,0.7656144951887718,0.3895755025498221,0.8908890719940444,0.029071526332998497,0.6402322872719333,0.6111607609389348,5,5
highrisk_label_kanon_k3,high-risk label k-anon k3,high-risk label k-anon k3,High-risk label k-anon,tabicl,TabICL,0.4995089929361674,0.1608245928048348,0.8140867916177246,0.3991081512371969,0.759166213514422,0.017104909964784996,0.5791371823758096,0.5620322724110245,5,5
highrisk_label_kanon_k3,high-risk label k-anon k3,high-risk label k-anon k3,High-risk label k-anon,tabdpt,TabDPT,0.5786421472813285,0.1900394338418727,0.7776593282404818,0.3196711502106886,0.7908092951152843,0.017026693281288495,0.5552402226629864,0.538213529381698,5,5
highrisk_label_kanon_k10_a30,high-risk label k-anon k10 a30,high-risk label k-anon k10 a30,High-risk label k-anon,tabdpt,TabDPT,0.6750260085543196,0.19022451551218084,0.7801593889569359,0.22328728893769734,0.7906242134449762,0.01452663256483433,0.5069557511913368,0.4924291186265025,5,5
highrisk_label_kanon_k10_a30,high-risk label k-anon k10 a30,high-risk label k-anon k10 a30,High-risk label k-anon,tabicl,TabICL,0.5325146358301733,0.27177257123810133,0.8142867916177247,0.36610250834319097,0.6482182350811556,0.016904909964784998,0.5071603717121733,0.4902554617473883,5,5
highrisk_label_kanon_k5_a30,high-risk label k-anon k5 a30,high-risk label k-anon k5 a30,High-risk label k-anon,tabicl,TabICL,0.6070836654344494,0.24936612457467358,0.8197183180974754,0.291533478738915,0.6706246817445833,0.011473383485034216,0.48107908024174917,0.46960569675671493,5,5
highrisk_label_kanon_k3_a30,high-risk label k-anon k3 a30,high-risk label k-anon k3 a30,High-risk label k-anon,tabicl,TabICL,0.6452467542321272,0.37564705414935434,0.8209327103938625,0.2533703899412371,0.5443437521699026,0.010258991188647103,0.3988570710555698,0.38859807986692274,5,5
highrisk_label_kanon_k5,high-risk label k-anon k5,high-risk label k-anon k5,High-risk label k-anon,real-tabpfn,Real TabPFN,0.432229069045297,0.33468467029584187,0.7931583080348107,0.32604303546822394,0.550987125289408,0.05156857447863163,0.438515080378816,0.38694650590018426,6,6
highrisk_label_kanon_k3,high-risk label k-anon k3,high-risk label k-anon k3,High-risk label k-anon,real-tabpfn,Real TabPFN,0.47422789754436484,0.33987275410121215,0.8063249747014775,0.28404420696915605,0.5457990414840376,0.03840190781196495,0.4149216242265968,0.3765197164146319,6,6
highrisk_label_kanon_k10_a30,high-risk label k-anon k10 a30,high-risk label k-anon k10 a30,High-risk label k-anon,real-tabpfn,Real TabPFN,0.4577152711958615,0.3524573609548658,0.797061302841566,0.3005568333176595,0.533214434630384,0.04766557967187645,0.41688563397402173,0.3692200543021453,6,6
highrisk_label_kanon_k10,high-risk label k-anon k10,high-risk label k-anon k10,High-risk label k-anon,real-tabpfn,Real TabPFN,0.41031126656300954,0.36952573502990615,0.7707225865209472,0.3479608379505114,0.5161460605553436,0.07400429599249522,0.4320534492529275,0.35804915326043224,6,6
highrisk_label_kanon_k5_a30,high-risk label k-anon k5 a30,high-risk label k-anon k5 a30,High-risk label k-anon,real-tabpfn,Real TabPFN,0.4972451182663801,0.3683990710689488,0.8082583080348108,0.26102698624714077,0.517272724516301,0.03646857447863164,0.3891498553817209,0.35268128090308926,6,6
highrisk_label_kanon_k5,high-risk label k-anon k5,high-risk label k-anon k5,High-risk label k-anon,tabpfn,TabPFN,0.4547077804590128,0.35486826591533266,0.7944951392129415,0.29961551633920996,0.5024432711975736,0.05295781362990576,0.40102939376839175,0.348071580138486,6,6
label_kanon_k10+attn_drop_p10,label k-anon k10 + attn drop p10,label k-anon k10 + attn drop p10,Label k-anon + dropout,tabdpt,TabDPT,0.5288144533494424,0.5155496403474714,0.6539113638931846,0.41807099065821474,0.4727984099414722,0.10067237740138146,0.4454347002998435,0.34476232289846204,3,3
highrisk_label_kanon_k10_a50,high-risk label k-anon k10 a50,high-risk label k-anon k10 a50,High-risk label k-anon,real-tabpfn,Real TabPFN,0.5097483886637584,0.3821915084075127,0.8116723309952446,0.24852371584976254,0.5034802871777372,0.033054551518197826,0.3760020015137498,0.342947449995552,6,6
label_kanon_k10+attn_drop_p30,label k-anon k10 + attn drop p30,label k-anon k10 + attn drop p30,Label k-anon + dropout,tabdpt,TabDPT,0.5213158631895425,0.5125746614718113,0.6460722135231872,0.42556958081811475,0.4757733888171323,0.1085115277713788,0.4506714848176236,0.34215995704624474,3,3
highrisk_label_kanon_k3,high-risk label k-anon k3,high-risk label k-anon k3,High-risk label k-anon,tabpfn,TabPFN,0.489185030965735,0.3612015238407816,0.8072006066262251,0.26513826583248784,0.4961100132721246,0.04025234621662216,0.38062413955230623,0.34037179333568407,6,6
highrisk_label_kanon_k10_a30,high-risk label k-anon k10 a30,high-risk label k-anon k10 a30,High-risk label k-anon,tabpfn,TabPFN,0.47540930381089547,0.37262340977155645,0.8008204458527564,0.27891399298732733,0.48468812734134975,0.04663250699009069,0.3818010601643385,0.3351685531742479,6,6
label_kanon_k10+attn_drop_p50,label k-anon k10 + attn drop p50,label k-anon k10 + attn drop p50,Label k-anon + dropout,tabdpt,TabDPT,0.5142273992965817,0.5006831456090063,0.6205860024090549,0.43265804471107544,0.48766490467993734,0.1339977388855111,0.46016147469550644,0.3261637358099953,3,3
highrisk_label_kanon_k3_a30,high-risk label k-anon k3 a30,high-risk label k-anon k3 a30,High-risk label k-anon,real-tabpfn,Real TabPFN,0.5390520171558392,0.39528324320269065,0.8147916413681441,0.21922008735768173,0.49038855238255913,0.029935241145298313,0.35480431987012045,0.3248690787248221,6,6
highrisk_label_kanon_k10,high-risk label k-anon k10,high-risk label k-anon k10,High-risk label k-anon,tabpfn,TabPFN,0.42847384368449754,0.3849411345662943,0.7709265679157786,0.32584945311372526,0.47237040254661194,0.0765263849270685,0.39910992783016863,0.32258354290310015,6,6
highrisk_label_kanon_k5_a30,high-risk label k-anon k5 a30,high-risk label k-anon k5 a30,High-risk label k-anon,tabpfn,TabPFN,0.5140226228308117,0.38398271947963286,0.8127450147767926,0.24030067396741103,0.47332881763327345,0.03470793806605447,0.35681474580034217,0.32210680773428774,6,6
label_kanon_k5+attn_drop_p30,label k-anon k5 + attn drop p30,label k-anon k5 + attn drop p30,Label k-anon + dropout,tabdpt,TabDPT,0.5363646624009801,0.5639847172637297,0.6548440697792997,0.410520781606677,0.42436333302521395,0.09973967151526643,0.41744205731594547,0.31770238580067905,3,3
label_kanon_k5+attn_drop_p10,label k-anon k5 + attn drop p10,label k-anon k5 + attn drop p10,Label k-anon + dropout,tabicl,TabICL,0.5280111027231152,0.510970639358261,0.6549580839160692,0.3873646999240535,0.46449111814884025,0.11062611219792728,0.4259279090364469,0.3153017968385196,3,3
label_kanon_k3_a50+attn_drop_p50,label k-anon k3 a50 + attn drop p50,label k-anon k3 a50 + attn drop...,Label k-anon + dropout,tabicl,TabICL,0.4976333270860224,0.4980346737670585,0.632956746357254,0.41774247556114624,0.47742708374004295,0.13262744975674248,0.44758477965059457,0.3149573298938521,3,3
highrisk_label_kanon_k10_a50,high-risk label k-anon k10 a50,high-risk label k-anon k10 a50,High-risk label k-anon,tabpfn,TabPFN,0.5277365788047843,0.39843350226332325,0.8188291013804233,0.22658671799343846,0.45887803484958306,0.028623851462423716,0.3427323764215107,0.31410852495908703,6,6
label_kanon_k5+attn_drop_p50,label k-anon k5 + attn drop p50,label k-anon k5 + attn drop p50,Label k-anon + dropout,tabdpt,TabDPT,0.5141219654575089,0.5594569567719043,0.6359025866909246,0.43276347855014824,0.42889109351703936,0.11868115460364148,0.4308272860335938,0.31214613142995234,3,3
label_kanon_k3_a50+attn_drop_p30,label k-anon k3 a50 + attn drop p30,label k-anon k3 a50 + attn drop...,Label k-anon + dropout,tabicl,TabICL,0.5292868173789017,0.5050563384130342,0.6493401256708218,0.386088985268267,0.4704054190940672,0.11624407044317477,0.42824720218116713,0.3120031317379923,3,3
label_kanon_k10_a50+attn_drop_p30,label k-anon k10 a50 + attn drop p30,label k-anon k10 a50 + attn...,Label k-anon + dropout,tabicl,TabICL,0.5156401418390102,0.5031424854629654,0.6413955649226549,0.3997356608081586,0.47231927204413604,0.12418863119134164,0.43602746642614726,0.31183883523480566,3,3
label_kanon_k5_a50+attn_drop_p30,label k-anon k5 a50 + attn drop p30,label k-anon k5 a50 + attn drop...,Label k-anon + dropout,tabicl,TabICL,0.5237822681678446,0.5084823183058889,0.6454140499537981,0.39159353447932416,0.46697943920121254,0.12017014616019839,0.4292864868402684,0.30911634068006993,3,3
label_kanon_k10_a30+attn_drop_p10,label k-anon k10 a30 + attn drop p10,label k-anon k10 a30 + attn...,Label k-anon + dropout,tabicl,TabICL,0.5365725361983026,0.5129847998984297,0.6531376204279133,0.37880326644886625,0.4624769576086716,0.11244657568608318,0.4206401120287689,0.3081935363426857,3,3
label_kanon_k5_a30+attn_drop_p30,label k-anon k5 a30 + attn drop p30,label k-anon k5 a30 + attn drop...,Label k-anon + dropout,tabicl,TabICL,0.5237889050526082,0.4942147776953794,0.6356933821882528,0.3915868975945604,0.481246979811722,0.12989081392574384,0.4364169387031412,0.3065261247773974,3,3
label_kanon_k3_a30+attn_drop_p30,label k-anon k3 a30 + attn drop p30,label k-anon k3 a30 + attn drop...,Label k-anon + dropout,tabicl,TabICL,0.518312054980619,0.5019006918596021,0.636573382885283,0.39706374766654967,0.4735610656474993,0.12901081322871355,0.4353124066570245,0.3063015934283109,3,3
label_kanon_k5_a50+attn_drop_p10,label k-anon k5 a50 + attn drop p10,label k-anon k5 a50 + attn drop...,Label k-anon + dropout,tabicl,TabICL,0.5470452199633339,0.5342000507772259,0.6661127028898965,0.3683305826838348,0.4412617067298756,0.09947149322410002,0.40479614470685515,0.30532465148275517,3,3
highrisk_label_kanon_k5_a50,high-risk label k-anon k5 a50,high-risk label k-anon k5 a50,High-risk label k-anon,real-tabpfn,Real TabPFN,0.5516826488886925,0.4263246989040606,0.816710696215341,0.20658945562482853,0.4593470966811892,0.028016186298101414,0.33296827615300884,0.30495208985490746,6,6
label_kanon_k3_a50+attn_drop_p10,label k-anon k3 a50 + attn drop p10,label k-anon k3 a50 + attn drop...,Label k-anon + dropout,tabicl,TabICL,0.5625221952311468,0.5451703876215098,0.6781055562894597,0.352853607416022,0.4302913698855915,0.08747863982453681,0.3915724886508068,0.30409384882626994,3,3
label_kanon_k3+attn_drop_p10,label k-anon k3 + attn drop p10,label k-anon k3 + attn drop p10,Label k-anon + dropout,tabicl,TabICL,0.5340692204333898,0.5246015299675665,0.6517873883353204,0.38130658221377894,0.450860227539535,0.11379680777867623,0.4160834048766569,0.3022865970979807,3,3
highrisk_label_kanon_k5_a30,high-risk label k-anon k5 a30,high-risk label k-anon k5 a30,High-risk label k-anon,tabdpt,TabDPT,0.7986117614076811,0.4636264776329398,0.7873630845358338,0.09970153608433593,0.5172222513242173,0.007322936985936446,0.30846189370427657,0.3011389567183401,5,5
label_kanon_k5_a30+attn_drop_p10,label k-anon k5 a30 + attn drop p10,label k-anon k5 a30 + attn drop...,Label k-anon + dropout,tabicl,TabICL,0.5479967967070211,0.5191258196226278,0.6531576864504078,0.3673790059401476,0.4563359378844736,0.11242650966358868,0.41185747191231065,0.2994309622487219,3,3
label_kanon_k5+attn_drop_p10,label k-anon k5 + attn drop p10,label k-anon k5 + attn drop p10,Label k-anon + dropout,tabdpt,TabDPT,0.5476633978841775,0.5840329097306854,0.6517849936952563,0.39922204612347967,0.4043151405582582,0.10279874759930972,0.401768593340869,0.29896984574155927,3,3
highrisk_label_kanon_k3_a30,high-risk label k-anon k3 a30,high-risk label k-anon k3 a30,High-risk label k-anon,tabpfn,TabPFN,0.553768337269439,0.40631897038404663,0.8206449603359776,0.20055495952878385,0.4509925667288596,0.026807992506869494,0.3257737631288217,0.29896577062195223,6,6
label_kanon_k3_a30+attn_drop_p10,label k-anon k3 a30 + attn drop p10,label k-anon k3 a30 + attn drop...,Label k-anon + dropout,tabicl,TabICL,0.541739712730252,0.536674309876264,0.6566229219031846,0.3736360899169166,0.4387874476308375,0.10896127421081186,0.40621176877387705,0.2972504945630652,3,3
label_kanon_k5_a50+attn_drop_p50,label k-anon k5 a50 + attn drop p50,label k-anon k5 a50 + attn drop...,Label k-anon + dropout,tabicl,TabICL,0.5095346343844249,0.49821744464769363,0.6208289479721992,0.4058411682627438,0.47724431285940777,0.14475524814179733,0.44154274056107573,0.29678749241927843,3,3
label_kanon_k10_a50+attn_drop_p10,label k-anon k10 a50 + attn drop p10,label k-anon k10 a50 + attn...,Label k-anon + dropout,tabicl,TabICL,0.5593750518008979,0.5309527206519365,0.6619821704420934,0.35600075084627086,0.4445090368551648,0.10360202567190313,0.40025489385071783,0.2966528681788147,3,3
label_kanon_k10_a30+attn_drop_p30,label k-anon k10 a30 + attn drop p30,label k-anon k10 a30 + attn...,Label k-anon + dropout,tabicl,TabICL,0.5218003694843477,0.5064489310923391,0.6295249284574643,0.39357543316282095,0.4690128264147622,0.13605926765653226,0.43129412978879156,0.29523486213225936,3,3
attn_drop_p30,attn drop p30,attn drop p30,Attention dropout,tabicl,TabICL,0.5244513702447887,0.5051582178215376,0.7544543560632354,0.3711274474952709,0.41534917077259176,0.0997390707882649,0.3932383091339313,0.29349923834566644,6,6
label_kanon_k3+attn_drop_p30,label k-anon k3 + attn drop p30,label k-anon k3 + attn drop p30,Label k-anon + dropout,tabicl,TabICL,0.5182385700549743,0.5059338519524142,0.623645847893176,0.3971372325921944,0.4695279055546871,0.1419383482208205,0.4333325690734407,0.2913942208526203,3,3
highrisk_label_kanon_k10_a50,high-risk label k-anon k10 a50,high-risk label k-anon k10 a50,High-risk label k-anon,tabicl,TabICL,0.7074788622822853,0.5274313991178672,0.8233941433021806,0.191138281891079,0.3925594072013897,0.007797558280328976,0.29184884454623433,0.28405128626590537,5,5
label_kanon_k10_a50+attn_drop_p50,label k-anon k10 a50 + attn drop p50,label k-anon k10 a50 + attn...,Label k-anon + dropout,tabicl,TabICL,0.5079274787452563,0.5124808014357721,0.6137202954768969,0.4074483239019124,0.46298095607132933,0.15186390063709962,0.4352146399866208,0.2833507393495212,3,3
highrisk_label_kanon_k5_a50,high-risk label k-anon k5 a50,high-risk label k-anon k5 a50,High-risk label k-anon,tabicl,TabICL,0.7258501690942857,0.5155640834199232,0.8252527103938625,0.17276697507907868,0.4044267228993337,0.0059389911886471355,0.2885968489892062,0.2826578578005591,5,5
label_kanon_k10+attn_drop_p10,label k-anon k10 + attn drop p10,label k-anon k10 + attn drop p10,Label k-anon + dropout,tabicl,TabICL,0.5365482261845766,0.5154907949583283,0.6285482940205261,0.37882757646259213,0.4599709625487731,0.13703590209347044,0.41939926950568257,0.2823633674122122,3,3
highrisk_label_kanon_k5_a50,high-risk label k-anon k5 a50,high-risk label k-anon k5 a50,High-risk label k-anon,tabpfn,TabPFN,0.5647319576364199,0.43477347033024644,0.8233449370041998,0.18959133916180285,0.42253806678265987,0.024108015838647356,0.3060647029722314,0.28195668713358396,6,6
label_kanon_k3_a30+attn_drop_p50,label k-anon k3 a30 + attn drop p50,label k-anon k3 a30 + attn drop...,Label k-anon + dropout,tabicl,TabICL,0.5068756982795837,0.4983170875178442,0.6046063608651995,0.40850010436758505,0.4771446699892572,0.16097783524879702,0.4428223871784211,0.28184455192962404,3,3
attn_drop_p10,attn drop p10,attn drop p10,Attention dropout,tabicl,TabICL,0.6084318949904678,0.5778282504423043,0.8189557576556895,0.2871469227495918,0.34267913815182505,0.035237669195810895,0.31491303045070845,0.2796753612548975,6,6
label_kanon_k10+attn_drop_p30,label k-anon k10 + attn drop p30,label k-anon k10 + attn drop p30,Label k-anon + dropout,tabicl,TabICL,0.510015358768181,0.491061679629766,0.5950699836746697,0.4053604438789877,0.4844000778773354,0.17051421243932682,0.4448802608781615,0.2743660484388347,3,3
label_kanon_k5+attn_drop_p30,label k-anon k5 + attn drop p30,label k-anon k5 + attn drop p30,Label k-anon + dropout,tabicl,TabICL,0.5112608174746222,0.5027521672412142,0.5974409426483666,0.4041149851725465,0.47270959026588727,0.16814325346562997,0.4384122877192169,0.27026903425358695,3,3
label_kanon_k3+attn_drop_p30,label k-anon k3 + attn drop p30,label k-anon k3 + attn drop p30,Label k-anon + dropout,tabdpt,TabDPT,0.5556639201054784,0.6494604901265948,0.6588196686726283,0.3912215239021788,0.3388875601623489,0.0957640726219378,0.3650545420322639,0.269290469410326,3,3
label_kanon_k3+attn_drop_p50,label k-anon k3 + attn drop p50,label k-anon k3 + attn drop p50,Label k-anon + dropout,tabdpt,TabDPT,0.5468506202553539,0.6308642485022273,0.6442454634629836,0.40003482375230326,0.35748380178671635,0.11033827783158251,0.37875931276950975,0.2684210349379273,3,3
label_kanon_k5_a30+attn_drop_p50,label k-anon k5 a30 + attn drop p50,label k-anon k5 a30 + attn drop...,Label k-anon + dropout,tabicl,TabICL,0.5151647423556849,0.49842274704840506,0.5889582956654119,0.4002110602914839,0.47703901045869634,0.17662590044858464,0.43862503537509007,0.26199913492650545,3,3
highrisk_label_kanon_k3_a50,high-risk label k-anon k3 a50,high-risk label k-anon k3 a50,High-risk label k-anon,real-tabpfn,Real TabPFN,0.5870532023752839,0.489152225755259,0.8227928354584092,0.171218902138237,0.39651956982999076,0.021934047055033157,0.2838692359841139,0.26193518892908074,6,6
label_kanon_k3+attn_drop_p50,label k-anon k3 + attn drop p50,label k-anon k3 + attn drop p50,Label k-anon + dropout,tabicl,TabICL,0.5053375044096937,0.48476806824939683,0.5751103639046738,0.410038298237475,0.49069368925770457,0.19047383220932268,0.45036599374758984,0.25989216153826716,3,3
label_kanon_k10_a30+attn_drop_p50,label k-anon k10 a30 + attn drop p50,label k-anon k10 a30 + attn...,Label k-anon + dropout,tabicl,TabICL,0.5110011170842873,0.49775508056380663,0.5815119531336554,0.40437468556288136,0.4777066769432948,0.1840722429803411,0.4410406812530881,0.25696843827274696,3,3
label_kanon_k10,label k-anon k10,label k-anon k10,Label k-anon,tabicl,TabICL,0.5800902171091632,0.5302265092774505,0.758139628979872,0.31548860063089645,0.39028087931667893,0.09605379787162836,0.3528847399737877,0.2568309421021593,6,6
label_kanon_k3+attn_drop_p10,label k-anon k3 + attn drop p10,label k-anon k3 + attn drop p10,Label k-anon + dropout,tabdpt,TabDPT,0.6078738670637746,0.6745614487895981,0.6757813663992422,0.3390115769438827,0.3137866014993455,0.07880237489532388,0.32639908922161415,0.24759671432629024,3,3
label_kanon_k5,label k-anon k5,label k-anon k5,Label k-anon,tabicl,TabICL,0.608286766736562,0.5838410812968761,0.7894904017381773,0.28729205100349753,0.33666630729725333,0.064703025113323,0.31197917915037543,0.24727615403705241,6,6
highrisk_label_kanon_k3_a50,high-risk label k-anon k3 a50,high-risk label k-anon k3 a50,High-risk label k-anon,tabpfn,TabPFN,0.601344436625534,0.4855580430261071,0.8305615492300514,0.15297886017268877,0.3717534940867991,0.01689140361279577,0.2623661771297439,0.24547477351694816,6,6
label_kanon_k10_a30+attn_drop_p50,label k-anon k10 a30 + attn drop p50,label k-anon k10 a30 + attn...,Label k-anon + dropout,tabdpt,TabDPT,0.5844375419149418,0.6859815632660126,0.6669277757201888,0.3624479020927153,0.302366487022931,0.08765596557437721,0.33240719455782314,0.24475122898344592,3,3
highrisk_label_kanon_k3_a50,high-risk label k-anon k3 a50,high-risk label k-anon k3 a50,High-risk label k-anon,tabicl,TabICL,0.726987131800637,0.5938276966986121,0.825029657434361,0.1716300123727273,0.32616310962064476,0.006162044148148671,0.24889656099668606,0.24273451684853736,5,5
label_kanon_k10,label k-anon k10,label k-anon k10,Label k-anon,tabdpt,TabDPT,0.5262750731085895,0.5173536743965849,0.6496245494501945,0.3719411128076679,0.45266918531119615,0.17368084179306012,0.41230514905943205,0.23862430726637188,6,6
label_kanon_k10+attn_drop_p50,label k-anon k10 + attn drop p50,label k-anon k10 + attn drop p50,Label k-anon + dropout,tabicl,TabICL,0.5003741334436497,0.5047120837570401,0.5585218359137606,0.41500166920351916,0.4707496737500613,0.20706236020023594,0.44287567147679024,0.23581331127655428,3,3
label_kanon_k5+attn_drop_p50,label k-anon k5 + attn drop p50,label k-anon k5 + attn drop p50,Label k-anon + dropout,tabicl,TabICL,0.5122977746181645,0.4991393334721154,0.5612022340764522,0.4030780280290042,0.476322424034986,0.20438196203754433,0.4397002260319951,0.23531826399445077,3,3
label_kanon_k5,label k-anon k5,label k-anon k5,Label k-anon,tabdpt,TabDPT,0.5550338932181551,0.5779602764305257,0.6858023184685211,0.34318229269810224,0.39206258327725524,0.13750307277473348,0.3676224379876787,0.2301193652129452,6,6
label_kanon_k10_a30+attn_drop_p30,label k-anon k10 a30 + attn drop p30,label k-anon k10 a30 + attn...,Label k-anon + dropout,tabdpt,TabDPT,0.6122105668402136,0.7397460080614243,0.6815185144731059,0.33467487716744365,0.24860204222751925,0.0730652268214602,0.2916384596974814,0.21857323287602126,3,3
label_kanon_k10+attn_drop_p10,label k-anon k10 + attn drop p10,label k-anon k10 + attn drop p10,Label k-anon + dropout,real-tabpfn,Real TabPFN,0.5264881752895628,0.5169330950256666,0.6725476322183535,0.24798167953468744,0.3652172627595635,0.09570438891423905,0.30659947114712544,0.21089508223288642,3,3
label_kanon_k10+attn_drop_p30,label k-anon k10 + attn drop p30,label k-anon k10 + attn drop p30,Label k-anon + dropout,real-tabpfn,Real TabPFN,0.5264492874783686,0.5171421820593403,0.6709304191546259,0.24802056734588165,0.36500817572588984,0.09732160197796659,0.3065143715358858,0.20919276955791918,3,3
label_kanon_k5_a30+attn_drop_p50,label k-anon k5 a30 + attn drop p50,label k-anon k5 a30 + attn drop...,Label k-anon + dropout,tabdpt,TabDPT,0.5997470620661072,0.7438996940157597,0.6676591294347923,0.34713838194155006,0.24444835627318404,0.08692461185977367,0.29579336910736703,0.20886875724759335,3,3
label_kanon_k10+attn_drop_p50,label k-anon k10 + attn drop p50,label k-anon k10 + attn drop p50,Label k-anon + dropout,real-tabpfn,Real TabPFN,0.5309466346604443,0.5171006327989142,0.6703901706403093,0.24352322016380587,0.365049724986316,0.09786185049228312,0.3042864725750609,0.20642462208277781,3,3
label_kanon_k10_a30+attn_drop_p50,label k-anon k10 a30 + attn drop p50,label k-anon k10 a30 + attn...,Label k-anon + dropout,real-tabpfn,Real TabPFN,0.5442673425917162,0.5381752762190447,0.6866681395757075,0.23020251223253407,0.3439750815661855,0.08158388155688495,0.2870887968993598,0.20550491534247484,3,3
label_kanon_k10+attn_drop_p10,label k-anon k10 + attn drop p10,label k-anon k10 + attn drop p10,Label k-anon + dropout,tabpfn,TabPFN,0.5214190549115214,0.5159340766424112,0.663440412098658,0.25511085727103683,0.3632167873654546,0.10406414969601281,0.30916382231824574,0.20509967262223294,3,3
label_kanon_k10+attn_drop_p30,label k-anon k10 + attn drop p30,label k-anon k10 + attn drop p30,Label k-anon + dropout,tabpfn,TabPFN,0.521857274572635,0.5159831414799066,0.6635426404640478,0.2546726376099233,0.3631677225279592,0.10396192133062303,0.30892018006894123,0.20495825873831822,3,3
label_kanon_k10_a30+attn_drop_p30,label k-anon k10 a30 + attn drop p30,label k-anon k10 a30 + attn...,Label k-anon + dropout,tabpfn,TabPFN,0.5483068961135934,0.5409494752020921,0.6882554675656704,0.22822301606896478,0.3382013888057737,0.07924909422900055,0.2832122024373693,0.20396310820836872,3,3
label_kanon_k10_a30+attn_drop_p30,label k-anon k10 a30 + attn drop p30,label k-anon k10 a30 + attn...,Label k-anon + dropout,real-tabpfn,Real TabPFN,0.5502698746313558,0.5378414828065529,0.6873070839761916,0.22419998019289453,0.3443088749786773,0.08094493715640093,0.2842544275857859,0.20330949042938498,3,3
label_kanon_k10_a30+attn_drop_p10,label k-anon k10 a30 + attn drop p10,label k-anon k10 a30 + attn...,Label k-anon + dropout,real-tabpfn,Real TabPFN,0.5479712465818162,0.5395524841881529,0.6868690638272646,0.22649860824243406,0.3425978735970772,0.0813829573053278,0.28454824091975567,0.20316528361442784,3,3
label_kanon_k10+attn_drop_p50,label k-anon k10 + attn drop p50,label k-anon k10 + attn drop p50,Label k-anon + dropout,tabpfn,TabPFN,0.5218512117398132,0.5165687813127864,0.6612168938010368,0.254678700442745,0.3625820826950796,0.10628766799363405,0.30863039156891225,0.2023427235752782,3,3
label_kanon_k5+attn_drop_p30,label k-anon k5 + attn drop p30,label k-anon k5 + attn drop p30,Label k-anon + dropout,real-tabpfn,Real TabPFN,0.5313885929452864,0.548555230456948,0.6807619280304801,0.24308126187896384,0.3335951273282823,0.08749009310211225,0.28833819460362303,0.2008481015015108,3,3
label_kanon_k10_a30+attn_drop_p10,label k-anon k10 a30 + attn drop p10,label k-anon k10 a30 + attn...,Label k-anon + dropout,tabpfn,TabPFN,0.5521790878745146,0.5403320356422568,0.6856635183179217,0.22435082430804357,0.3388188283656091,0.08184104347674916,0.28158482633682635,0.19974378286007718,3,3
label_kanon_k5+attn_drop_p10,label k-anon k5 + attn drop p10,label k-anon k5 + attn drop p10,Label k-anon + dropout,real-tabpfn,Real TabPFN,0.5322298548418757,0.5487922937675321,0.6793491716975323,0.24223999998237453,0.333358064017698,0.08890284943506029,0.28779903200003626,0.198896182564976,3,3
label_kanon_k3,label k-anon k3,label k-anon k3,Label k-anon,tabdpt,TabDPT,0.6060293124598886,0.6822168546310019,0.7321901081147649,0.29218687345636873,0.28780600507677917,0.0911152831284897,0.2899964392665739,0.19888115613808424,6,6
label_kanon_k10_a30+attn_drop_p50,label k-anon k10 a30 + attn drop p50,label k-anon k10 a30 + attn...,Label k-anon + dropout,tabpfn,TabPFN,0.5508282720628087,0.5405892116288457,0.684148533619584,0.2257016401197495,0.33856165237902025,0.08335602817508685,0.28213164624938486,0.19877561807429803,3,3
label_kanon_k3,label k-anon k3,label k-anon k3,Label k-anon,tabicl,TabICL,0.6387532807495145,0.6826848224389184,0.8049137221311334,0.25682553699054506,0.237822566155211,0.04927970472036694,0.24732405157287804,0.19804434685251107,6,6
label_kanon_k5+attn_drop_p50,label k-anon k5 + attn drop p50,label k-anon k5 + attn drop p50,Label k-anon + dropout,real-tabpfn,Real TabPFN,0.5328419531791102,0.5464853273691047,0.6767501574913389,0.24162790164514,0.3356650304161255,0.09150186364125346,0.28864646603063276,0.19714460238937928,3,3
label_kanon_k5+attn_drop_p10,label k-anon k5 + attn drop p10,label k-anon k5 + attn drop p10,Label k-anon + dropout,tabpfn,TabPFN,0.5312822933105975,0.546068533787548,0.6728999575451627,0.2452476188719607,0.3330823302203178,0.09460460424950817,0.28916497454613926,0.19456037029663106,3,3
label_kanon_k5+attn_drop_p30,label k-anon k5 + attn drop p30,label k-anon k5 + attn drop p30,Label k-anon + dropout,tabpfn,TabPFN,0.5305706550532813,0.5454270745603537,0.6714801362537702,0.2459592571292769,0.3337237894475122,0.09602442554090075,0.2898415232883946,0.19381709774749378,3,3
label_kanon_k5+attn_drop_p50,label k-anon k5 + attn drop p50,label k-anon k5 + attn drop p50,Label k-anon + dropout,tabpfn,TabPFN,0.5337350168060886,0.5453968427242412,0.6714176120134153,0.24279489537646962,0.33375402128362475,0.09608694978125566,0.28827445833004717,0.19218750854879152,3,3
attn_drop_p50,attn drop p50,attn drop p50,Attention dropout,tabicl,TabICL,0.5147004479706455,0.5069231534571189,0.6485289906902382,0.3808783697694141,0.4135842351370105,0.20566443616126218,0.3972313024532123,0.19156686629195016,6,6
label_kanon_k3_a30+attn_drop_p50,label k-anon k3 a30 + attn drop p50,label k-anon k3 a30 + attn drop...,Label k-anon + dropout,tabdpt,TabDPT,0.6126831201186033,0.7609045148747131,0.6611139734890811,0.33420232388905385,0.22744353541423054,0.09346976780548504,0.2808229296516422,0.18735316184615716,3,3
label_kanon_k3+attn_drop_p50,label k-anon k3 + attn drop p50,label k-anon k3 + attn drop p50,Label k-anon + dropout,real-tabpfn,Real TabPFN,0.5441750671649651,0.5868214678635177,0.6882881067322607,0.23029478765928513,0.2953288899217124,0.07996391440033185,0.26281183879049874,0.18284792439016692,3,3
label_kanon_k3+attn_drop_p50,label k-anon k3 + attn drop p50,label k-anon k3 + attn drop p50,Label k-anon + dropout,tabpfn,TabPFN,0.5452608407177817,0.5862654680145286,0.6841512877124095,0.23126907146477652,0.29288539599333724,0.08335327408226129,0.2620772337290569,0.17872395964679558,3,3
label_kanon_k3+attn_drop_p30,label k-anon k3 + attn drop p30,label k-anon k3 + attn drop p30,Label k-anon + dropout,real-tabpfn,Real TabPFN,0.5434333289342036,0.5919371000073922,0.685623814192887,0.2310365258900466,0.2902132577778381,0.08262820693970546,0.26062489183394233,0.17799668489423684,3,3
label_kanon_k3+attn_drop_p30,label k-anon k3 + attn drop p30,label k-anon k3 + attn drop p30,Label k-anon + dropout,tabpfn,TabPFN,0.5467068669352145,0.5893983090838096,0.6851956130952302,0.22982304524734368,0.2897525549240562,0.08230894869944066,0.25978780008569996,0.1774788513862593,3,3
label_kanon_k10_a50+attn_drop_p50,label k-anon k10 a50 + attn drop p50,label k-anon k10 a50 + attn...,Label k-anon + dropout,tabpfn,TabPFN,0.5779506527562144,0.6012262315064348,0.7063865391558147,0.1985792594263438,0.277924632501431,0.06111802263885616,0.2382519459638874,0.17713392332503122,3,3
label_kanon_k5,label k-anon k5,label k-anon k5,Label k-anon,real-tabpfn,Real TabPFN,0.54403289167803,0.5877063198713887,0.765423196990942,0.21423921283549094,0.2979654757138612,0.07930368552250036,0.2561023442746761,0.1767986587521757,6,6
label_kanon_k5_a30+attn_drop_p50,label k-anon k5 a30 + attn drop p50,label k-anon k5 a30 + attn drop...,Label k-anon + dropout,tabpfn,TabPFN,0.5600854223798906,0.5942959150750143,0.6935018903015223,0.2164444898026677,0.2848549489328515,0.07400267149314847,0.25064971936775965,0.17664704787461116,3,3
label_kanon_k10_a50+attn_drop_p50,label k-anon k10 a50 + attn drop p50,label k-anon k10 a50 + attn...,Label k-anon + dropout,real-tabpfn,Real TabPFN,0.5773833426906383,0.594720133514584,0.7023059578042709,0.19708651213361197,0.28743022427064624,0.06594606332832165,0.2422583682021291,0.17631230487380747,3,3
label_kanon_k3+attn_drop_p10,label k-anon k3 + attn drop p10,label k-anon k3 + attn drop p10,Label k-anon + dropout,real-tabpfn,Real TabPFN,0.5446740132971757,0.5935938595765607,0.6852880224093498,0.22979584152707455,0.2885564982086694,0.08296399872324266,0.259176169867872,0.1762121711446293,3,3
label_kanon_k3+attn_drop_p10,label k-anon k3 + attn drop p10,label k-anon k3 + attn drop p10,Label k-anon + dropout,tabpfn,TabPFN,0.5473340519964665,0.5914198965099174,0.6851956130952302,0.22919586018609175,0.28773096749794846,0.08230894869944066,0.2584634138420201,0.17615446514257946,3,3
label_kanon_k10_a50+attn_drop_p10,label k-anon k10 a50 + attn drop p10,label k-anon k10 a50 + attn...,Label k-anon + dropout,real-tabpfn,Real TabPFN,0.5795099095043743,0.6022813557742367,0.7044335343085502,0.19495994531987595,0.2798690020109935,0.06381848682404233,0.23741447366543475,0.1735959868413924,3,3
label_kanon_k10_a50+attn_drop_p30,label k-anon k10 a50 + attn drop p30,label k-anon k10 a50 + attn...,Label k-anon + dropout,real-tabpfn,Real TabPFN,0.5822005510941598,0.5995710697323836,0.7043973626627377,0.19226930373009046,0.2825792880528465,0.06385465846985489,0.2374242958914685,0.17356963742161358,3,3
label_kanon_k10_a50+attn_drop_p30,label k-anon k10 a50 + attn drop p30,label k-anon k10 a50 + attn...,Label k-anon + dropout,tabpfn,TabPFN,0.5826309085880766,0.6040253294718934,0.7063865391558147,0.19389900359448153,0.2751255345359725,0.06111802263885616,0.234512269065227,0.17339424642637083,3,3
label_kanon_k5_a30+attn_drop_p30,label k-anon k5 a30 + attn drop p30,label k-anon k5 a30 + attn drop...,Label k-anon + dropout,tabpfn,TabPFN,0.561446419723216,0.600293066703503,0.6927280783690585,0.21508349245934225,0.27885779730436283,0.07477648342561245,0.24697064488185258,0.1721941614562401,3,3
label_kanon_k5_a30+attn_drop_p30,label k-anon k5 a30 + attn drop p30,label k-anon k5 a30 + attn drop...,Label k-anon + dropout,tabdpt,TabDPT,0.655289024779778,0.7927176151650258,0.6831254805656091,0.2915964192278792,0.19563043512391787,0.07145826072895706,0.2436134271758985,0.17215516644694148,3,3
label_kanon_k10_a50+attn_drop_p10,label k-anon k10 a50 + attn drop p10,label k-anon k10 a50 + attn...,Label k-anon + dropout,tabpfn,TabPFN,0.5847337261167914,0.6064887781153254,0.7065874634073719,0.19179618606576684,0.27266208589254043,0.06091709838729901,0.23222913597915365,0.17131203759185465,3,3
label_kanon_k5_a30+attn_drop_p50,label k-anon k5 a30 + attn drop p50,label k-anon k5 a30 + attn drop...,Label k-anon + dropout,real-tabpfn,Real TabPFN,0.5586745100294257,0.6031734381950246,0.6921154865631168,0.2157953447948245,0.2789769195902056,0.07613653456947568,0.24738613219251504,0.17124959762303935,3,3
label_kanon_k5_a30+attn_drop_p10,label k-anon k5 a30 + attn drop p10,label k-anon k5 a30 + attn drop...,Label k-anon + dropout,tabpfn,TabPFN,0.5607442279394795,0.603875411560419,0.6930312309860054,0.21578568424307867,0.27527545244744683,0.07447333080866549,0.24553056834526274,0.17105723753659727,3,3
label_kanon_k10_a30+attn_drop_p10,label k-anon k10 a30 + attn drop p10,label k-anon k10 a30 + attn...,Label k-anon + dropout,tabdpt,TabDPT,0.671567323280381,0.8078450698032159,0.6973701805637645,0.27531812072727607,0.18050298048572777,0.05721356073080162,0.22791055060650192,0.17069698987570034,3,3
label_kanon_k5_a30+attn_drop_p30,label k-anon k5 a30 + attn drop p30,label k-anon k5 a30 + attn drop...,Label k-anon + dropout,real-tabpfn,Real TabPFN,0.5591968430764257,0.6082635095943795,0.6931924511125276,0.2152730117478245,0.2738868481908507,0.0750595700200648,0.24457992996933756,0.1695203599492728,3,3
label_kanon_k10_a30,label k-anon k10 a30,label k-anon k10 a30,Label k-anon,real-tabpfn,Real TabPFN,0.5576838449294946,0.6065269566661812,0.7735370619223779,0.20058825958402626,0.27914483891906866,0.07118982059106445,0.2398665492515474,0.168676728660483,6,6
label_kanon_k5_a30+attn_drop_p10,label k-anon k5 a30 + attn drop p10,label k-anon k5 a30 + attn drop...,Label k-anon + dropout,real-tabpfn,Real TabPFN,0.5582453921908231,0.6149512551796174,0.6947109682900877,0.21622446263342707,0.2671991026056128,0.07354105284250474,0.24171178261951995,0.1681707297770152,3,3
label_kanon_k3,label k-anon k3,label k-anon k3,Label k-anon,real-tabpfn,Real TabPFN,0.5660370519646332,0.6231355889202966,0.7837056409070806,0.19223505254888776,0.2625362066649532,0.06102124160636179,0.22738562960692046,0.1663643880005587,6,6
label_kanon_k5,label k-anon k5,label k-anon k5,Label k-anon,tabpfn,TabPFN,0.5367845960568148,0.5835820885054083,0.7656367805810854,0.21753870074140802,0.27372944860749804,0.08181617226176166,0.245634074674453,0.16381790241269137,6,6
label_kanon_k10,label k-anon k10,label k-anon k10,Label k-anon,real-tabpfn,Real TabPFN,0.527883301685532,0.5633670537887717,0.7319169334875752,0.23038880282798893,0.3223047417964781,0.11280994902586716,0.27634677231223354,0.1635368232863664,6,6
label_kanon_k10_a50+attn_drop_p50,label k-anon k10 a50 + attn drop p50,label k-anon k10 a50 + attn...,Label k-anon + dropout,tabdpt,TabDPT,0.6457901821097508,0.8015444295375738,0.6697100517818276,0.3010952618979064,0.18680362075136991,0.08487368951273838,0.24394944132463814,0.15907575181189978,3,3
label_kanon_k10_a30,label k-anon k10 a30,label k-anon k10 a30,Label k-anon,tabpfn,TabPFN,0.5570811057850311,0.6024143157026035,0.780048226222954,0.19724219101319163,0.25489722141030274,0.06740472661989318,0.22606970621174718,0.15866497959185402,6,6
label_kanon_k3,label k-anon k3,label k-anon k3,Label k-anon,tabpfn,TabPFN,0.5639684711623505,0.6192298186369009,0.7907148851123614,0.19035482563587225,0.23808171847600543,0.05673806773048578,0.21421827205593882,0.15748020432545307,6,6
label_kanon_k3_a50+attn_drop_p50,label k-anon k3 a50 + attn drop p50,label k-anon k3 a50 + attn drop...,Label k-anon + dropout,tabdpt,TabDPT,0.652222799248248,0.8011470598576048,0.6707865884112842,0.29466264475940923,0.18720099043133878,0.08379715288328178,0.240931817595374,0.15713466471209223,3,3
label_kanon_k5_a50+attn_drop_p50,label k-anon k5 a50 + attn drop p50,label k-anon k5 a50 + attn drop...,Label k-anon + dropout,tabdpt,TabDPT,0.6440454667776051,0.8075701111369211,0.6686424783637328,0.30283997723005207,0.18077793915202256,0.08594126293083336,0.24180895819103732,0.15586769526020397,3,3
label_kanon_k5_a30,label k-anon k5 a30,label k-anon k5 a30,Label k-anon,real-tabpfn,Real TabPFN,0.5797403288230055,0.647122040111792,0.7896655877856137,0.17853177569051545,0.23854975547345778,0.0550612947278288,0.20854076558198661,0.1534794708541578,6,6
label_kanon_k3_a30+attn_drop_p30,label k-anon k3 a30 + attn drop p30,label k-anon k3 a30 + attn drop...,Label k-anon + dropout,tabdpt,TabDPT,0.6777533104625245,0.8154898238414491,0.685496439539306,0.26913213354513266,0.17285822644749452,0.06908730175526018,0.2209951799963136,0.15190787824105342,3,3
label_kanon_k10_a30,label k-anon k10 a30,label k-anon k10 a30,Label k-anon,tabicl,TabICL,0.6633355875982916,0.7621516149214146,0.8084970554644667,0.23224323014176798,0.15835577367271472,0.045696371387033606,0.19529950190724135,0.14960313052020777,6,6
label_kanon_k5_a30,label k-anon k5 a30,label k-anon k5 a30,Label k-anon,tabpfn,TabPFN,0.5783833497210428,0.6355930816862082,0.7977533228116034,0.17593994707717994,0.22171845542669813,0.04969963003124367,0.19882920125193904,0.14912957122069537,6,6
label_kanon_k10_a50,label k-anon k10 a50,label k-anon k10 a50,Label k-anon,real-tabpfn,Real TabPFN,0.5935231370797864,0.6645774590331645,0.7961758626689948,0.16474896743373446,0.2210943365520853,0.04855101984444755,0.19292165199290986,0.14437063214846232,6,6
label_kanon_k5_a30+attn_drop_p10,label k-anon k5 a30 + attn drop p10,label k-anon k5 a30 + attn drop...,Label k-anon + dropout,tabdpt,TabDPT,0.710049387294219,0.8415305916307241,0.7047504663759439,0.23683605671343821,0.14681745865821952,0.04983327491862231,0.19182675768582888,0.14199348276720655,3,3
label_kanon_k10_a50,label k-anon k10 a50,label k-anon k10 a50,Label k-anon,tabpfn,TabPFN,0.5953998954339631,0.6566371362164214,0.8077409916860296,0.15892340136425967,0.20067440089648483,0.03971196115681752,0.17979890113037225,0.14008693997355473,6,6
attn_drop_p70,attn drop p70,attn drop p70,Attention dropout,tabicl,TabICL,0.5039928021678048,0.5011513319263537,0.5884845024768706,0.39158601557225475,0.41935605666777565,0.26570892437462973,0.40547103612001517,0.13976211174538541,6,6
label_kanon_k10,label k-anon k10,label k-anon k10,Label k-anon,tabpfn,TabPFN,0.5254353640906905,0.56303557938669,0.7230538373809553,0.22888793270753227,0.2942759577262162,0.12439911546189182,0.2615819452168742,0.1371828297549824,6,6
label_kanon_k3_a30+attn_drop_p50,label k-anon k3 a30 + attn drop p50,label k-anon k3 a30 + attn drop...,Label k-anon + dropout,real-tabpfn,Real TabPFN,0.5740056322938042,0.6754063010252489,0.6989728357906485,0.20046422253044602,0.2067440567599812,0.06927918534194401,0.2036041396452136,0.1343249543032696,3,3
label_kanon_k5_a50+attn_drop_p50,label k-anon k5 a50 + attn drop p50,label k-anon k5 a50 + attn drop...,Label k-anon + dropout,tabpfn,TabPFN,0.5990622932808888,0.6796326289154594,0.7133064126237012,0.1774676189016695,0.19951823509240643,0.05419814917096962,0.18849292699703799,0.13429477782606836,3,3
label_kanon_k3_a30+attn_drop_p50,label k-anon k3 a30 + attn drop p50,label k-anon k3 a30 + attn drop...,Label k-anon + dropout,tabpfn,TabPFN,0.5867192055414385,0.6736271787166118,0.7033927414049517,0.18981070664111965,0.20552368529125412,0.06411182038971909,0.19766719596618687,0.1335553755764678,3,3
label_kanon_k5_a50+attn_drop_p50,label k-anon k5 a50 + attn drop p50,label k-anon k5 a50 + attn drop...,Label k-anon + dropout,real-tabpfn,Real TabPFN,0.5931115326826936,0.6818952997789095,0.7102103865074487,0.18135832214155667,0.20025505800632074,0.05804163462514376,0.1908066900739387,0.13276505544879494,3,3
label_kanon_k3_a30+attn_drop_p30,label k-anon k3 a30 + attn drop p30,label k-anon k3 a30 + attn drop...,Label k-anon + dropout,tabpfn,TabPFN,0.5861512925075881,0.6832621103551624,0.7031556455075821,0.19037861967497013,0.19588875365270345,0.06434891628708878,0.1931336866638368,0.12878477037674801,3,3
label_kanon_k3_a30+attn_drop_p30,label k-anon k3 a30 + attn drop p30,label k-anon k3 a30 + attn drop...,Label k-anon + dropout,real-tabpfn,Real TabPFN,0.5811324216829422,0.6860377294340001,0.7015683175176193,0.19333743314130805,0.19611262835123,0.06668370361497315,0.19472503074626904,0.12804132713129587,3,3
label_kanon_k3_a30+attn_drop_p10,label k-anon k3 a30 + attn drop p10,label k-anon k3 a30 + attn drop...,Label k-anon + dropout,tabpfn,TabPFN,0.5868281038153004,0.688764136564612,0.7046344585601073,0.18970180836725792,0.1903867274432538,0.06287010323456356,0.19004426790525586,0.12717416467069229,3,3
label_kanon_k5_a50+attn_drop_p30,label k-anon k5 a50 + attn drop p30,label k-anon k5 a50 + attn drop...,Label k-anon + dropout,tabpfn,TabPFN,0.6031843174473331,0.6900433091933861,0.7133064126237012,0.17334559473522512,0.1891075548144799,0.05419814917096962,0.1812265747748525,0.1270284256038829,3,3
label_kanon_k3_a30,label k-anon k3 a30,label k-anon k3 a30,Label k-anon,real-tabpfn,Real TabPFN,0.603941771764017,0.6999940073230272,0.8012563903336081,0.15433033274950395,0.1856777882622227,0.043470492179834334,0.17000406050586334,0.126533568326029,6,6
label_kanon_k5_a50+attn_drop_p30,label k-anon k5 a50 + attn drop p30,label k-anon k5 a50 + attn drop...,Label k-anon + dropout,real-tabpfn,Real TabPFN,0.5949982610225524,0.6964370177788077,0.7119298279365659,0.17947159380169786,0.18571334000642245,0.05632219319602658,0.18259246690406017,0.12627027370803356,3,3
label_kanon_k3_a30+attn_drop_p10,label k-anon k3 a30 + attn drop p10,label k-anon k3 a30 + attn drop...,Label k-anon + dropout,real-tabpfn,Real TabPFN,0.5819998152983895,0.6923978986252001,0.7026452820670301,0.19247003952586075,0.18975245916003014,0.06560673906556229,0.19111124934294543,0.12550451027738316,3,3
label_kanon_k5_a50+attn_drop_p10,label k-anon k5 a50 + attn drop p10,label k-anon k5 a50 + attn drop...,Label k-anon + dropout,tabpfn,TabPFN,0.6014080094439559,0.6961484325048167,0.712904564120587,0.1751219027386023,0.18300243150304915,0.05459999767408393,0.1790621671208257,0.12446216944674178,3,3
label_kanon_k5_a50+attn_drop_p30,label k-anon k5 a50 + attn drop p30,label k-anon k5 a50 + attn drop...,Label k-anon + dropout,tabdpt,TabDPT,0.721528287973768,0.8543904666955244,0.69844869289965,0.22535715603388928,0.13395758359341914,0.05613504839491623,0.1796573698136542,0.12352232141873798,3,3
label_kanon_k10_a50+attn_drop_p30,label k-anon k10 a50 + attn drop p30,label k-anon k10 a50 + attn...,Label k-anon + dropout,tabdpt,TabDPT,0.7068140424049597,0.868160827043535,0.6973387387172062,0.24007140160269747,0.1201872232454086,0.057245002577359816,0.18012931242405306,0.12288430984669323,3,3
label_kanon_k5_a50+attn_drop_p10,label k-anon k5 a50 + attn drop p10,label k-anon k5 a50 + attn drop...,Label k-anon + dropout,real-tabpfn,Real TabPFN,0.5979452811627478,0.7041813234930815,0.7122294480742903,0.1765245736615024,0.1779690342921487,0.056022573058302085,0.17724680397682555,0.12122423091852345,3,3
label_kanon_k5_a30,label k-anon k5 a30,label k-anon k5 a30,Label k-anon,tabicl,TabICL,0.7037853217455073,0.8045308514572018,0.8205438362410461,0.19179349599455228,0.1159765371369275,0.03364959061045417,0.15388501656573988,0.1202354259552857,6,6
label_kanon_k3_a30,label k-anon k3 a30,label k-anon k3 a30,Label k-anon,tabpfn,TabPFN,0.6054064930815377,0.6905155702059377,0.8090370114150524,0.14891680371668511,0.16679596690696852,0.03841594142779484,0.1578563853118268,0.11944044388403197,6,6
label_kanon_k3_a50+attn_drop_p30,label k-anon k3 a50 + attn drop p30,label k-anon k3 a50 + attn drop...,Label k-anon + dropout,tabdpt,TabDPT,0.7286579840848458,0.8481748212274836,0.6938864268749677,0.21822745992281134,0.14017322906146001,0.0606973144195983,0.17920034449213565,0.11850303007253737,3,3
label_kanon_k5_a50,label k-anon k5 a50,label k-anon k5 a50,Label k-anon,real-tabpfn,Real TabPFN,0.6146467537378824,0.7234844008806475,0.8081059923334261,0.14362535077563857,0.16218739470460233,0.03662089018001621,0.15290637274012045,0.11628548256010424,6,6
label_kanon_k10_a30,label k-anon k10 a30,label k-anon k10 a30,Label k-anon,tabdpt,TabDPT,0.6728715799632701,0.8238720444112011,0.7519858271042067,0.2253446059529873,0.1461508152965798,0.07131956413904801,0.18574771062478357,0.11442814648573556,6,6
label_kanon_k5_a50,label k-anon k5 a50,label k-anon k5 a50,Label k-anon,tabpfn,TabPFN,0.6159996131816153,0.7089180979861017,0.8143298235416836,0.13832368361660738,0.14839343912680455,0.03312312930116346,0.14335856137170597,0.1102354320705425,6,6
label_kanon_k5_a30,label k-anon k5 a30,label k-anon k5 a30,Label k-anon,tabdpt,TabDPT,0.7292787767711814,0.8617788137373674,0.7847085655060088,0.16893740914507596,0.10824404597041347,0.038596825737245995,0.1385907275577447,0.09999390182049872,6,6
label_kanon_k3_a30+attn_drop_p10,label k-anon k3 a30 + attn drop p10,label k-anon k3 a30 + attn drop...,Label k-anon + dropout,tabdpt,TabDPT,0.7686910126581958,0.8726516443648809,0.7065642928256093,0.17819443134946136,0.11569640592406287,0.04801944846895675,0.1469454186367621,0.09892597016780537,3,3
label_kanon_k3_a30,label k-anon k3 a30,label k-anon k3 a30,Label k-anon,tabicl,TabICL,0.730539599370212,0.8367263476020613,0.8253937429139345,0.1650392183698477,0.08378104099206808,0.0287996839375657,0.12441012968095788,0.09561044574339218,6,6
label_kanon_k3_a50+attn_drop_p50,label k-anon k3 a50 + attn drop p50,label k-anon k3 a50 + attn drop...,Label k-anon + dropout,real-tabpfn,Real TabPFN,0.6192041889166253,0.7484772190561073,0.7185201961929631,0.1552656659076249,0.13367313872912281,0.04973182493962928,0.14446940231837385,0.09473757737874457,3,3
label_kanon_k3_a50+attn_drop_p50,label k-anon k3 a50 + attn drop p50,label k-anon k3 a50 + attn drop...,Label k-anon + dropout,tabpfn,TabPFN,0.628980094290545,0.747959469487456,0.7222516342304774,0.14754981789201324,0.13119139452040987,0.04525292756419343,0.13937060620621156,0.09411767864201813,3,3
highrisk_label_kanon_k3_a30,high-risk label k-anon k3 a30,high-risk label k-anon k3 a30,High-risk label k-anon,tabdpt,TabDPT,0.8664908081370808,0.8118251164371418,0.7883096945264902,0.031822489354936326,0.1690236125200152,0.0063763269952799686,0.10042305093747576,0.09404672394219579,5,5
label_kanon_k3_a50+attn_drop_p30,label k-anon k3 a50 + attn drop p30,label k-anon k3 a50 + attn drop...,Label k-anon + dropout,real-tabpfn,Real TabPFN,0.622363177808483,0.7629299169294225,0.7204370293944152,0.15210667701576716,0.1192204408558077,0.047814991738177236,0.13566355893578744,0.0878485671976102,3,3
label_kanon_k3_a50+attn_drop_p30,label k-anon k3 a50 + attn drop p30,label k-anon k3 a50 + attn drop...,Label k-anon + dropout,tabpfn,TabPFN,0.6331414799943881,0.7594682109007159,0.721576518184181,0.14338843218817007,0.11968265310715005,0.045928043610489945,0.13153554264766007,0.08560749903717012,3,3
highrisk_label_kanon_k10_a50,high-risk label k-anon k10 a50,high-risk label k-anon k10 a50,High-risk label k-anon,tabdpt,TabDPT,0.8803247600969742,0.8167569187630963,0.7884136694449952,0.017988537395042803,0.16409181019406063,0.006272352076775056,0.09104017379455172,0.08476782171777666,5,5
label_kanon_k3_a50,label k-anon k3 a50,label k-anon k3 a50,Label k-anon,real-tabpfn,Real TabPFN,0.6394305350911349,0.7742538781437268,0.8135579163622108,0.11884156942238601,0.11141791744152295,0.031168966151231593,0.11512974343195448,0.08396077728072289,6,6
label_kanon_k3_a50+attn_drop_p10,label k-anon k3 a50 + attn drop p10,label k-anon k3 a50 + attn drop...,Label k-anon + dropout,real-tabpfn,Real TabPFN,0.6267893980221452,0.771493844292109,0.7224262058874924,0.1476804568021051,0.11065651349312115,0.045825815245100134,0.12916848514761312,0.08334266990251299,3,3
attn_drop_p90,attn drop p90,attn drop p90,Attention dropout,real-tabpfn,Real TabPFN,0.6656516446669095,0.7688306842919638,0.8227454763550068,0.09262045984661145,0.11684111129328605,0.021981406158435596,0.10473078556994875,0.08274937941151315,6,6
label_kanon_k3_a50+attn_drop_p10,label k-anon k3 a50 + attn drop p10,label k-anon k3 a50 + attn drop...,Label k-anon + dropout,tabpfn,TabPFN,0.6349699616612848,0.7663350031142104,0.7213755939326237,0.14155995052127338,0.11281586089365547,0.04612896786204714,0.12718790570746444,0.08105893784541729,3,3
label_kanon_k10_a50+attn_drop_p10,label k-anon k10 a50 + attn drop p10,label k-anon k10 a50 + attn...,Label k-anon + dropout,tabdpt,TabDPT,0.789141923190841,0.913602287515679,0.719204352904133,0.1577435208168162,0.07474576277326461,0.03537938839043303,0.1162446417950404,0.08086525340460737,3,3
label_kanon_k3_a50,label k-anon k3 a50,label k-anon k3 a50,Label k-anon,tabpfn,TabPFN,0.6404791077160061,0.759407803754938,0.8220313806793236,0.11384418908221666,0.09790373335796826,0.025421572163523587,0.10587396122009246,0.08045238905656887,6,6
label_kanon_k3_a50+attn_drop_p10,label k-anon k3 a50 + attn drop p10,label k-anon k3 a50 + attn drop...,Label k-anon + dropout,tabdpt,TabDPT,0.8014110534018473,0.9097788530319096,0.720228184344505,0.14547439060580983,0.07856919725703408,0.034355556950061095,0.11202179393142196,0.07766623698136087,3,3
attn_drop_p90,attn drop p90,attn drop p90,Attention dropout,tabpfn,TabPFN,0.6795690338721093,0.757259672110663,0.835400619607212,0.07475426292611353,0.10005186500224329,0.012052333235635074,0.0874030639641784,0.07535073072854334,6,6
label_kanon_k5_a50+attn_drop_p10,label k-anon k5 a50 + attn drop p10,label k-anon k5 a50 + attn drop...,Label k-anon + dropout,tabdpt,TabDPT,0.7932634800743811,0.9046158436536212,0.7080780712175959,0.1536219639332762,0.08373220663532248,0.04650567007697012,0.11867708528429934,0.07217141520732923,3,3
label_kanon_k3_a30,label k-anon k3 a30,label k-anon k3 a30,Label k-anon,tabdpt,TabDPT,0.7772601858762943,0.8860448868234081,0.7894779834005804,0.12095600003996304,0.08397797288437288,0.03382740784267425,0.10246698646216797,0.06863957861949371,6,6
attn_drop_p90,attn drop p90,attn drop p90,Attention dropout,tabicl,TabICL,0.5052729400861877,0.4964620716954516,0.5071870417071703,0.39030587765387187,0.42404531689867775,0.3470063851443301,0.4071755972762748,0.06016921213194475,6,6
attn_drop_p70,attn drop p70,attn drop p70,Attention dropout,tabdpt,TabDPT,0.574585702521145,0.7309406640319288,0.5960911708132633,0.3236304833951123,0.23908219567585212,0.22721422042999131,0.2813563395354822,0.05414211910549088,6,6
label_kanon_k5_a50,label k-anon k5 a50,label k-anon k5 a50,Label k-anon,tabicl,TabICL,0.7876853813661576,0.8840607548079719,0.8323825825468479,0.10789343637390193,0.03644663378615757,0.021810844304652372,0.07217003508002975,0.05035919077537738,6,6
label_kanon_k3_a50,label k-anon k3 a50,label k-anon k3 a50,Label k-anon,tabdpt,TabDPT,0.7995366180305239,0.9319264557577865,0.8044395418575684,0.09867956788573339,0.03809640394999445,0.018865849385686306,0.06838798591786392,0.04952213653217761,6,6
label_kanon_k10_a50,label k-anon k10 a50,label k-anon k10 a50,Label k-anon,tabicl,TabICL,0.7829017095278524,0.8838907262007858,0.8283604095806013,0.11267710821220707,0.03661666239334351,0.025833017270899056,0.07464688530277529,0.048813868031876234,6,6
label_kanon_k3_a50,label k-anon k3 a50,label k-anon k3 a50,Label k-anon,tabicl,TabICL,0.793634817595234,0.8843567356304414,0.8337714299570207,0.10194400014482567,0.036150652963688024,0.0204219968944797,0.06904732655425684,0.048625329659777144,6,6
attn_drop_p50,attn drop p50,attn drop p50,Attention dropout,tabdpt,TabDPT,0.6512397231857249,0.8381594164802048,0.6811683070639519,0.24697646273053242,0.13186344322757618,0.14213708417930274,0.1894199529790543,0.04728286879975157,6,6
attn_drop_p70,attn drop p70,attn drop p70,Attention dropout,real-tabpfn,Real TabPFN,0.7120973937197346,0.8277539889934268,0.8392086113479232,0.0461747107937863,0.05791780659182296,0.005518271165519191,0.05204625869280463,0.04652798752728544,6,6
label_kanon_k5_a50,label k-anon k5 a50,label k-anon k5 a50,Label k-anon,tabdpt,TabDPT,0.798664737479049,0.9256432453637653,0.7967117848191488,0.09955144843720827,0.044379614344015626,0.026593606424105926,0.07196553139061194,0.04537192496650602,6,6
label_kanon_k10_a50,label k-anon k10 a50,label k-anon k10 a50,Label k-anon,tabdpt,TabDPT,0.8013106418402153,0.9259192119898154,0.7980192501003205,0.09690554407604207,0.0441036477179656,0.025286141142934187,0.07050459589700384,0.04521845475406965,6,6
highrisk_label_kanon_k5_a50,high-risk label k-anon k5 a50,high-risk label k-anon k5 a50,High-risk label k-anon,tabdpt,TabDPT,0.8860689380914197,0.9000286827887936,0.7899479985281767,0.012244359400597381,0.08082004616836358,0.0047380229935935604,0.04653220278448048,0.04179417979088692,5,5
attn_drop_p70,attn drop p70,attn drop p70,Attention dropout,tabpfn,TabPFN,0.7166697776627546,0.8075434201690506,0.8448474976443924,0.037653519135468126,0.049768116943855766,0.0026054551984547314,0.043710818039661946,0.041105362841207214,6,6
attn_drop_p90,attn drop p90,attn drop p90,Attention dropout,tabdpt,TabDPT,0.4991759734638128,0.6402587148720739,0.4943246033526929,0.39904021245244453,0.3297641448357071,0.3289807878905618,0.3644021786440758,0.035421390753514005,6,6
attn_drop_p50,attn drop p50,attn drop p50,Attention dropout,real-tabpfn,Real TabPFN,0.7256081181014444,0.8516677760196038,0.8408479229098414,0.03266398641207657,0.034004019565645936,0.0038789596036009253,0.03333400298886125,0.029455043385260327,6,6
attn_drop_p30,attn drop p30,attn drop p30,Attention dropout,tabdpt,TabDPT,0.7684701926450961,0.9182574129544362,0.7616703634855835,0.12974599327116124,0.051765446753344733,0.06163502775767122,0.09075572001225297,0.02912069225458176,6,6
attn_drop_p50,attn drop p50,attn drop p50,Attention dropout,tabpfn,TabPFN,0.7323446177487907,0.8286258083781967,0.8435153661785835,0.021978679049432053,0.028685728734709575,0.003937586664263674,0.025332203892070814,0.02139461722780714,6,6
highrisk_label_kanon_k3_a50,high-risk label k-anon k3 a50,high-risk label k-anon k3 a50,High-risk label k-anon,tabdpt,TabDPT,0.8896283898106896,0.9412181654360563,0.7907365959780857,0.008684907681327481,0.039630563521100726,0.003949425543684581,0.024157735601214102,0.020208310057529523,5,5
attn_drop_p30,attn drop p30,attn drop p30,Attention dropout,real-tabpfn,Real TabPFN,0.7387603895965805,0.8671986318636135,0.8449455269520519,0.019511714916940332,0.018473163721636415,-0.00021864443860954616,0.018992439319288373,0.01921108375789792,6,6
attn_drop_p10,attn drop p10,attn drop p10,Attention dropout,tabdpt,TabDPT,0.8436980695728024,0.9557521906846514,0.8058860151183875,0.05451811634345496,0.014270669023129493,0.017419376124867065,0.034394392683292224,0.01697501655842516,6,6
attn_drop_p30,attn drop p30,attn drop p30,Attention dropout,tabpfn,TabPFN,0.7399198168986111,0.8429775096933044,0.8460491092228474,0.014403479899611715,0.01433402741960177,0.0014038436199997895,0.014368753659606742,0.012964910039606953,6,6
attn_drop_p10,attn drop p10,attn drop p10,Attention dropout,real-tabpfn,Real TabPFN,0.749743335552819,0.880173992311336,0.8461046621859832,0.00852876896070189,0.005497803273913859,-0.0013777796725407316,0.007013286117307875,0.008391065789848606,6,6
attn_drop_p10,attn drop p10,attn drop p10,Attention dropout,tabpfn,TabPFN,0.7434500552433331,0.8532440740366071,0.8465757032800391,0.010873241554889687,0.00406746307629922,0.0008772495628080838,0.007470352315594453,0.006593102752786369,6,6
no_defense,No defense,No defense,No defense,real-tabpfn,Real TabPFN,0.7582721045135209,0.8856717955852499,0.8447268825134424,0.0,0.0,0.0,0.0,0.0,6,6
no_defense,No defense,No defense,No defense,tabdpt,TabDPT,0.8982161859162573,0.970022859707781,0.8233053912432546,0.0,0.0,0.0,0.0,0.0,6,6
no_defense,No defense,No defense,No defense,tabicl,TabICL,0.8955788177400597,0.9205073885941294,0.8541934268515003,0.0,0.0,0.0,0.0,0.0,6,6
no_defense,No defense,No defense,No defense,tabpfn,TabPFN,0.7543232967982227,0.8573115371129063,0.847452952842847,0.0,0.0,0.0,0.0,0.0,6,6
