dataset,model,seed,attack,runtime_s,runtime_source,auc,auc_metric,attack_label
46980_MIC,real-tabpfn,1,rmia,79.35726,ml_privacy_meter/logs/46980_MIC/real-tabpfn/seed1/rmia/report/log_time_analysis.log,0.6628061225830009,auc,RMIA
46980_MIC,real-tabpfn,2,rmia,75.00811,ml_privacy_meter/logs/46980_MIC/real-tabpfn/seed2/rmia/report/log_time_analysis.log,0.7013178736448913,auc,RMIA
46980_MIC,real-tabpfn,3,rmia,73.79229,ml_privacy_meter/logs/46980_MIC/real-tabpfn/seed3/rmia/report/log_time_analysis.log,0.6623543102112223,auc,RMIA
46980_MIC,real-tabpfn,4,rmia,80.04934,ml_privacy_meter/logs/46980_MIC/real-tabpfn/seed4/rmia/report/log_time_analysis.log,0.6479396567802064,auc,RMIA
46980_MIC,real-tabpfn,5,rmia,79.21003,ml_privacy_meter/logs/46980_MIC/real-tabpfn/seed5/rmia/report/log_time_analysis.log,0.6630911321314774,auc,RMIA
46980_MIC,tabdpt,1,rmia,45.46015,ml_privacy_meter/logs/46980_MIC/tabdpt/seed1/rmia/report/log_time_analysis.log,0.8885113570394731,auc,RMIA
46980_MIC,tabdpt,2,rmia,24.04848,ml_privacy_meter/logs/46980_MIC/tabdpt/seed2/rmia/report/log_time_analysis.log,0.9193462380053008,auc,RMIA
46980_MIC,tabdpt,3,rmia,24.45795,ml_privacy_meter/logs/46980_MIC/tabdpt/seed3/rmia/report/log_time_analysis.log,0.8749609261102895,auc,RMIA
46980_MIC,tabdpt,4,rmia,24.73647,ml_privacy_meter/logs/46980_MIC/tabdpt/seed4/rmia/report/log_time_analysis.log,0.9368079981297068,auc,RMIA
46980_MIC,tabdpt,5,rmia,56.68089,ml_privacy_meter/logs/46980_MIC/tabdpt/seed5/rmia/report/log_time_analysis.log,0.93429413510766,auc,RMIA
46980_MIC,tabicl,1,rmia,79.1449,ml_privacy_meter/logs/46980_MIC/tabicl/seed1/rmia/report/log_time_analysis.log,0.8834140203683323,auc,RMIA
46980_MIC,tabicl,2,rmia,77.745,ml_privacy_meter/logs/46980_MIC/tabicl/seed2/rmia/report/log_time_analysis.log,0.857336303386754,auc,RMIA
46980_MIC,tabicl,3,rmia,77.10974,ml_privacy_meter/logs/46980_MIC/tabicl/seed3/rmia/report/log_time_analysis.log,0.7858041603513629,auc,RMIA
46980_MIC,tabicl,4,rmia,77.20206,ml_privacy_meter/logs/46980_MIC/tabicl/seed4/rmia/report/log_time_analysis.log,0.8703613710929393,auc,RMIA
46980_MIC,tabicl,5,rmia,76.21039,ml_privacy_meter/logs/46980_MIC/tabicl/seed5/rmia/report/log_time_analysis.log,0.8978404944718655,auc,RMIA
46980_MIC,tabpfn,1,rmia,81.54193,ml_privacy_meter/logs/46980_MIC/tabpfn/seed1/rmia/report/log_time_analysis.log,0.6626997365303436,auc,RMIA
46980_MIC,tabpfn,2,rmia,78.9426,ml_privacy_meter/logs/46980_MIC/tabpfn/seed2/rmia/report/log_time_analysis.log,0.6894315307245547,auc,RMIA
46980_MIC,tabpfn,3,rmia,79.22813,ml_privacy_meter/logs/46980_MIC/tabpfn/seed3/rmia/report/log_time_analysis.log,0.659468752708904,auc,RMIA
46980_MIC,tabpfn,4,rmia,80.18133,ml_privacy_meter/logs/46980_MIC/tabpfn/seed4/rmia/report/log_time_analysis.log,0.6527270291497784,auc,RMIA
46980_MIC,tabpfn,5,rmia,79.79019,ml_privacy_meter/logs/46980_MIC/tabpfn/seed5/rmia/report/log_time_analysis.log,0.6657429029995613,auc,RMIA
credit_rating,real-tabpfn,1,rmia,51.56215,ml_privacy_meter/logs/credit_rating/real-tabpfn/seed1/rmia/report/log_time_analysis.log,0.9365118611245592,auc,RMIA
credit_rating,real-tabpfn,2,rmia,49.97124,ml_privacy_meter/logs/credit_rating/real-tabpfn/seed2/rmia/report/log_time_analysis.log,0.9439406252161284,auc,RMIA
credit_rating,real-tabpfn,3,rmia,50.12921,ml_privacy_meter/logs/credit_rating/real-tabpfn/seed3/rmia/report/log_time_analysis.log,0.9054836088249532,auc,RMIA
credit_rating,real-tabpfn,4,rmia,49.96576,ml_privacy_meter/logs/credit_rating/real-tabpfn/seed4/rmia/report/log_time_analysis.log,0.9241856283283768,auc,RMIA
credit_rating,real-tabpfn,5,rmia,50.04978,ml_privacy_meter/logs/credit_rating/real-tabpfn/seed5/rmia/report/log_time_analysis.log,0.938168268898264,auc,RMIA
credit_rating,tabdpt,1,rmia,47.89514,ml_privacy_meter/logs/credit_rating/tabdpt/seed1/rmia/report/log_time_analysis.log,0.9794219863061068,auc,RMIA
credit_rating,tabdpt,2,rmia,25.96807,ml_privacy_meter/logs/credit_rating/tabdpt/seed2/rmia/report/log_time_analysis.log,0.9787390206791616,auc,RMIA
credit_rating,tabdpt,3,rmia,25.74706,ml_privacy_meter/logs/credit_rating/tabdpt/seed3/rmia/report/log_time_analysis.log,0.976139428729511,auc,RMIA
credit_rating,tabdpt,4,rmia,25.96881,ml_privacy_meter/logs/credit_rating/tabdpt/seed4/rmia/report/log_time_analysis.log,0.9844491320284944,auc,RMIA
credit_rating,tabdpt,5,rmia,25.96807,ml_privacy_meter/logs/credit_rating/tabdpt/seed5/rmia/report/log_time_analysis.log,0.97916349678401,auc,RMIA
credit_rating,tabicl,1,rmia,55.28948,ml_privacy_meter/logs/credit_rating/tabicl/seed1/rmia/report/log_time_analysis.log,0.9818901722110795,auc,RMIA
credit_rating,tabicl,2,rmia,54.3118,ml_privacy_meter/logs/credit_rating/tabicl/seed2/rmia/report/log_time_analysis.log,0.9855522511930286,auc,RMIA
credit_rating,tabicl,3,rmia,54.0423,ml_privacy_meter/logs/credit_rating/tabicl/seed3/rmia/report/log_time_analysis.log,0.9778961200636282,auc,RMIA
credit_rating,tabicl,4,rmia,53.89618,ml_privacy_meter/logs/credit_rating/tabicl/seed4/rmia/report/log_time_analysis.log,0.9891503561795422,auc,RMIA
credit_rating,tabicl,5,rmia,54.76075,ml_privacy_meter/logs/credit_rating/tabicl/seed5/rmia/report/log_time_analysis.log,0.9790070198492288,auc,RMIA
credit_rating,tabpfn,1,rmia,51.7095,ml_privacy_meter/logs/credit_rating/tabpfn/seed1/rmia/report/log_time_analysis.log,0.9376703091500104,auc,RMIA
credit_rating,tabpfn,2,rmia,49.80983,ml_privacy_meter/logs/credit_rating/tabpfn/seed2/rmia/report/log_time_analysis.log,0.9394823293450446,auc,RMIA
credit_rating,tabpfn,3,rmia,50.02471,ml_privacy_meter/logs/credit_rating/tabpfn/seed3/rmia/report/log_time_analysis.log,0.9084540770454388,auc,RMIA
credit_rating,tabpfn,4,rmia,50.1451,ml_privacy_meter/logs/credit_rating/tabpfn/seed4/rmia/report/log_time_analysis.log,0.920664465039076,auc,RMIA
credit_rating,tabpfn,5,rmia,50.19416,ml_privacy_meter/logs/credit_rating/tabpfn/seed5/rmia/report/log_time_analysis.log,0.9384665260391452,auc,RMIA
dropout_success,real-tabpfn,1,rmia,61.10261,ml_privacy_meter/logs/dropout_success/real-tabpfn/seed1/rmia/report/log_time_analysis.log,0.7240915807651906,auc,RMIA
dropout_success,real-tabpfn,2,rmia,59.44909,ml_privacy_meter/logs/dropout_success/real-tabpfn/seed2/rmia/report/log_time_analysis.log,0.7005898016953938,auc,RMIA
dropout_success,real-tabpfn,3,rmia,59.94402,ml_privacy_meter/logs/dropout_success/real-tabpfn/seed3/rmia/report/log_time_analysis.log,0.7265201118635779,auc,RMIA
dropout_success,real-tabpfn,4,rmia,59.74821,ml_privacy_meter/logs/dropout_success/real-tabpfn/seed4/rmia/report/log_time_analysis.log,0.7039853488797111,auc,RMIA
dropout_success,real-tabpfn,5,rmia,59.8704,ml_privacy_meter/logs/dropout_success/real-tabpfn/seed5/rmia/report/log_time_analysis.log,0.6934070322034704,auc,RMIA
dropout_success,tabdpt,1,rmia,50.57662,ml_privacy_meter/logs/dropout_success/tabdpt/seed1/rmia/report/log_time_analysis.log,0.9727229886773916,auc,RMIA
dropout_success,tabdpt,2,rmia,49.54327,ml_privacy_meter/logs/dropout_success/tabdpt/seed2/rmia/report/log_time_analysis.log,0.9764637041057944,auc,RMIA
dropout_success,tabdpt,3,rmia,49.17721,ml_privacy_meter/logs/dropout_success/tabdpt/seed3/rmia/report/log_time_analysis.log,0.9753195622103994,auc,RMIA
dropout_success,tabdpt,4,rmia,48.88136,ml_privacy_meter/logs/dropout_success/tabdpt/seed4/rmia/report/log_time_analysis.log,0.9821675185055596,auc,RMIA
dropout_success,tabdpt,5,rmia,49.93936,ml_privacy_meter/logs/dropout_success/tabdpt/seed5/rmia/report/log_time_analysis.log,0.9679709302938182,auc,RMIA
dropout_success,tabicl,1,rmia,59.34057,ml_privacy_meter/logs/dropout_success/tabicl/seed1/rmia/report/log_time_analysis.log,0.8808232153620943,auc,RMIA
dropout_success,tabicl,2,rmia,58.3069,ml_privacy_meter/logs/dropout_success/tabicl/seed2/rmia/report/log_time_analysis.log,0.8345505055624771,auc,RMIA
dropout_success,tabicl,3,rmia,58.59079,ml_privacy_meter/logs/dropout_success/tabicl/seed3/rmia/report/log_time_analysis.log,0.8675320579548382,auc,RMIA
dropout_success,tabicl,4,rmia,58.22007,ml_privacy_meter/logs/dropout_success/tabicl/seed4/rmia/report/log_time_analysis.log,0.8762486461229794,auc,RMIA
dropout_success,tabicl,5,rmia,57.8645,ml_privacy_meter/logs/dropout_success/tabicl/seed5/rmia/report/log_time_analysis.log,0.8768501472051726,auc,RMIA
dropout_success,tabpfn,1,rmia,61.80728,ml_privacy_meter/logs/dropout_success/tabpfn/seed1/rmia/report/log_time_analysis.log,0.7292196908673206,auc,RMIA
dropout_success,tabpfn,2,rmia,59.91314,ml_privacy_meter/logs/dropout_success/tabpfn/seed2/rmia/report/log_time_analysis.log,0.7086505701997725,auc,RMIA
dropout_success,tabpfn,3,rmia,60.2722,ml_privacy_meter/logs/dropout_success/tabpfn/seed3/rmia/report/log_time_analysis.log,0.7314064225273509,auc,RMIA
dropout_success,tabpfn,4,rmia,59.92361,ml_privacy_meter/logs/dropout_success/tabpfn/seed4/rmia/report/log_time_analysis.log,0.7041997165260379,auc,RMIA
dropout_success,tabpfn,5,rmia,59.95283,ml_privacy_meter/logs/dropout_success/tabpfn/seed5/rmia/report/log_time_analysis.log,0.705590017879715,auc,RMIA
locations,real-tabpfn,1,rmia,154.68208,ml_privacy_meter/logs/locations/real-tabpfn/seed1/rmia/report/log_time_analysis.log,0.8183001151821774,auc,RMIA
locations,real-tabpfn,2,rmia,152.86791,ml_privacy_meter/logs/locations/real-tabpfn/seed2/rmia/report/log_time_analysis.log,0.7916988642162509,auc,RMIA
locations,real-tabpfn,3,rmia,153.56245,ml_privacy_meter/logs/locations/real-tabpfn/seed3/rmia/report/log_time_analysis.log,0.8505268248113103,auc,RMIA
locations,real-tabpfn,4,rmia,154.16315,ml_privacy_meter/logs/locations/real-tabpfn/seed4/rmia/report/log_time_analysis.log,0.8151994304071228,auc,RMIA
locations,real-tabpfn,5,rmia,154.20631,ml_privacy_meter/logs/locations/real-tabpfn/seed5/rmia/report/log_time_analysis.log,0.8121449157031702,auc,RMIA
locations,tabdpt,1,rmia,47.78247,ml_privacy_meter/logs/locations/tabdpt/seed1/rmia/report/log_time_analysis.log,0.8856452388936679,auc,RMIA
locations,tabdpt,2,rmia,47.4282,ml_privacy_meter/logs/locations/tabdpt/seed2/rmia/report/log_time_analysis.log,0.902842375377258,auc,RMIA
locations,tabdpt,3,rmia,47.42724,ml_privacy_meter/logs/locations/tabdpt/seed3/rmia/report/log_time_analysis.log,0.8996578554730974,auc,RMIA
locations,tabdpt,4,rmia,47.41855,ml_privacy_meter/logs/locations/tabdpt/seed4/rmia/report/log_time_analysis.log,0.9092964653165566,auc,RMIA
locations,tabdpt,5,rmia,48.24635,ml_privacy_meter/logs/locations/tabdpt/seed5/rmia/report/log_time_analysis.log,0.9100995815533556,auc,RMIA
locations,tabicl,1,rmia,103.03032,ml_privacy_meter/logs/locations/tabicl/seed1/rmia/report/log_time_analysis.log,0.9098881712277838,auc,RMIA
locations,tabicl,2,rmia,101.86336,ml_privacy_meter/logs/locations/tabicl/seed2/rmia/report/log_time_analysis.log,0.8870971661296357,auc,RMIA
locations,tabicl,3,rmia,102.02404,ml_privacy_meter/logs/locations/tabicl/seed3/rmia/report/log_time_analysis.log,0.8979082527787093,auc,RMIA
locations,tabicl,4,rmia,102.90724,ml_privacy_meter/logs/locations/tabicl/seed4/rmia/report/log_time_analysis.log,0.9015216683433692,auc,RMIA
locations,tabicl,5,rmia,101.09138,ml_privacy_meter/logs/locations/tabicl/seed5/rmia/report/log_time_analysis.log,0.9003625565583372,auc,RMIA
locations,tabpfn,1,rmia,154.54475,ml_privacy_meter/logs/locations/tabpfn/seed1/rmia/report/log_time_analysis.log,0.847466235098002,auc,RMIA
locations,tabpfn,2,rmia,153.02881,ml_privacy_meter/logs/locations/tabpfn/seed2/rmia/report/log_time_analysis.log,0.7959100607014935,auc,RMIA
locations,tabpfn,3,rmia,153.96737,ml_privacy_meter/logs/locations/tabpfn/seed3/rmia/report/log_time_analysis.log,0.8485731018025767,auc,RMIA
locations,tabpfn,4,rmia,154.56315,ml_privacy_meter/logs/locations/tabpfn/seed4/rmia/report/log_time_analysis.log,0.83939983767575,auc,RMIA
locations,tabpfn,5,rmia,154.02782,ml_privacy_meter/logs/locations/tabpfn/seed5/rmia/report/log_time_analysis.log,0.8503069094726405,auc,RMIA
url,real-tabpfn,1,rmia,206.78213,ml_privacy_meter/logs/url/real-tabpfn/seed1/rmia/report/log_time_analysis.log,0.7189344127719218,auc,RMIA
url,real-tabpfn,2,rmia,202.87471,ml_privacy_meter/logs/url/real-tabpfn/seed2/rmia/report/log_time_analysis.log,0.7202091683544009,auc,RMIA
url,real-tabpfn,3,rmia,204.20886,ml_privacy_meter/logs/url/real-tabpfn/seed3/rmia/report/log_time_analysis.log,0.7445281373837793,auc,RMIA
url,real-tabpfn,4,rmia,204.20525,ml_privacy_meter/logs/url/real-tabpfn/seed4/rmia/report/log_time_analysis.log,0.73116963302151,auc,RMIA
url,real-tabpfn,5,rmia,202.95034,ml_privacy_meter/logs/url/real-tabpfn/seed5/rmia/report/log_time_analysis.log,0.7401440930536192,auc,RMIA
url,tabdpt,1,rmia,14174.63753,ml_privacy_meter/logs/url/tabdpt/seed1/rmia/report/log_time_analysis.log,0.8977306280374588,auc,RMIA
url,tabdpt,2,rmia,14047.01343,ml_privacy_meter/logs/url/tabdpt/seed2/rmia/report/log_time_analysis.log,0.867012513367051,auc,RMIA
url,tabdpt,3,rmia,13908.88099,ml_privacy_meter/logs/url/tabdpt/seed3/rmia/report/log_time_analysis.log,0.9021688101490076,auc,RMIA
url,tabdpt,4,rmia,13928.02547,ml_privacy_meter/logs/url/tabdpt/seed4/rmia/report/log_time_analysis.log,0.873638308231621,auc,RMIA
url,tabdpt,5,rmia,13921.60152,ml_privacy_meter/logs/url/tabdpt/seed5/rmia/report/log_time_analysis.log,0.8774789877906102,auc,RMIA
url,tabicl,1,rmia,123.59172,ml_privacy_meter/logs/url/tabicl/seed1/rmia/report/log_time_analysis.log,0.880387185573536,auc,RMIA
url,tabicl,2,rmia,120.81683,ml_privacy_meter/logs/url/tabicl/seed2/rmia/report/log_time_analysis.log,0.8746362507237424,auc,RMIA
url,tabicl,3,rmia,122.74148,ml_privacy_meter/logs/url/tabicl/seed3/rmia/report/log_time_analysis.log,0.904344228972385,auc,RMIA
url,tabicl,4,rmia,122.26316,ml_privacy_meter/logs/url/tabicl/seed4/rmia/report/log_time_analysis.log,0.8666193407918084,auc,RMIA
url,tabicl,5,rmia,121.40951,ml_privacy_meter/logs/url/tabicl/seed5/rmia/report/log_time_analysis.log,0.8349552167046383,auc,RMIA
url,tabpfn,1,rmia,206.92464,ml_privacy_meter/logs/url/tabpfn/seed1/rmia/report/log_time_analysis.log,0.7101074502950386,auc,RMIA
url,tabpfn,2,rmia,202.93343,ml_privacy_meter/logs/url/tabpfn/seed2/rmia/report/log_time_analysis.log,0.7149947119717606,auc,RMIA
url,tabpfn,3,rmia,204.26564,ml_privacy_meter/logs/url/tabpfn/seed3/rmia/report/log_time_analysis.log,0.7376783607177784,auc,RMIA
url,tabpfn,4,rmia,203.53503,ml_privacy_meter/logs/url/tabpfn/seed4/rmia/report/log_time_analysis.log,0.7179807821491322,auc,RMIA
url,tabpfn,5,rmia,203.54919,ml_privacy_meter/logs/url/tabpfn/seed5/rmia/report/log_time_analysis.log,0.7386165583983622,auc,RMIA
us_stocks_financial,real-tabpfn,1,rmia,187.52651,ml_privacy_meter/logs/us_stocks_financial/real-tabpfn/seed1/rmia/report/log_time_analysis.log,0.6889885346542757,auc,RMIA
us_stocks_financial,real-tabpfn,2,rmia,184.37815,ml_privacy_meter/logs/us_stocks_financial/real-tabpfn/seed2/rmia/report/log_time_analysis.log,0.6729582110801815,auc,RMIA
us_stocks_financial,real-tabpfn,3,rmia,185.02299,ml_privacy_meter/logs/us_stocks_financial/real-tabpfn/seed3/rmia/report/log_time_analysis.log,0.7619452342744568,auc,RMIA
us_stocks_financial,real-tabpfn,4,rmia,184.98696,ml_privacy_meter/logs/us_stocks_financial/real-tabpfn/seed4/rmia/report/log_time_analysis.log,0.7083569729363871,auc,RMIA
us_stocks_financial,real-tabpfn,5,rmia,185.30201,ml_privacy_meter/logs/us_stocks_financial/real-tabpfn/seed5/rmia/report/log_time_analysis.log,0.7215297154879305,auc,RMIA
us_stocks_financial,tabdpt,1,rmia,52.05758,ml_privacy_meter/logs/us_stocks_financial/tabdpt/seed1/rmia/report/log_time_analysis.log,0.7652649165434458,auc,RMIA
us_stocks_financial,tabdpt,2,rmia,50.71993,ml_privacy_meter/logs/us_stocks_financial/tabdpt/seed2/rmia/report/log_time_analysis.log,0.7442394019926941,auc,RMIA
us_stocks_financial,tabdpt,3,rmia,50.32641,ml_privacy_meter/logs/us_stocks_financial/tabdpt/seed3/rmia/report/log_time_analysis.log,0.7648028152970073,auc,RMIA
us_stocks_financial,tabdpt,4,rmia,50.26739,ml_privacy_meter/logs/us_stocks_financial/tabdpt/seed4/rmia/report/log_time_analysis.log,0.7666847673217925,auc,RMIA
us_stocks_financial,tabdpt,5,rmia,50.56479,ml_privacy_meter/logs/us_stocks_financial/tabdpt/seed5/rmia/report/log_time_analysis.log,0.7431721637729581,auc,RMIA
us_stocks_financial,tabicl,1,rmia,115.26715,ml_privacy_meter/logs/us_stocks_financial/tabicl/seed1/rmia/report/log_time_analysis.log,0.8370701416975317,auc,RMIA
us_stocks_financial,tabicl,2,rmia,113.33162,ml_privacy_meter/logs/us_stocks_financial/tabicl/seed2/rmia/report/log_time_analysis.log,0.8843462142903751,auc,RMIA
us_stocks_financial,tabicl,3,rmia,113.68764,ml_privacy_meter/logs/us_stocks_financial/tabicl/seed3/rmia/report/log_time_analysis.log,0.8196101981524061,auc,RMIA
us_stocks_financial,tabicl,4,rmia,113.45341,ml_privacy_meter/logs/us_stocks_financial/tabicl/seed4/rmia/report/log_time_analysis.log,0.8430459384304926,auc,RMIA
us_stocks_financial,tabicl,5,rmia,113.06784,ml_privacy_meter/logs/us_stocks_financial/tabicl/seed5/rmia/report/log_time_analysis.log,0.805109029720096,auc,RMIA
us_stocks_financial,tabpfn,1,rmia,187.03394,ml_privacy_meter/logs/us_stocks_financial/tabpfn/seed1/rmia/report/log_time_analysis.log,0.6387763588486214,auc,RMIA
us_stocks_financial,tabpfn,2,rmia,184.1095,ml_privacy_meter/logs/us_stocks_financial/tabpfn/seed2/rmia/report/log_time_analysis.log,0.6475164684626498,auc,RMIA
us_stocks_financial,tabpfn,3,rmia,184.98682,ml_privacy_meter/logs/us_stocks_financial/tabpfn/seed3/rmia/report/log_time_analysis.log,0.7085241551583733,auc,RMIA
us_stocks_financial,tabpfn,4,rmia,184.7457,ml_privacy_meter/logs/us_stocks_financial/tabpfn/seed4/rmia/report/log_time_analysis.log,0.6451036621938511,auc,RMIA
us_stocks_financial,tabpfn,5,rmia,185.4834,ml_privacy_meter/logs/us_stocks_financial/tabpfn/seed5/rmia/report/log_time_analysis.log,0.6579645278770364,auc,RMIA
46980_MIC,real-tabpfn,1,amia,43.3,ml_privacy_meter/logs/46980_MIC/real-tabpfn/seed1/amia/report/log_amia.log,0.83927562918813,row_max_auc,AMIA
46980_MIC,real-tabpfn,2,amia,44.3,ml_privacy_meter/logs/46980_MIC/real-tabpfn/seed2/amia/report/log_amia.log,0.8243579404710932,row_max_auc,AMIA
46980_MIC,real-tabpfn,3,amia,43.8,ml_privacy_meter/logs/46980_MIC/real-tabpfn/seed3/amia/report/log_amia.log,0.8202101978255216,row_max_auc,AMIA
46980_MIC,real-tabpfn,4,amia,45.5,ml_privacy_meter/logs/46980_MIC/real-tabpfn/seed4/amia/report/log_amia.log,0.8331971766980396,row_max_auc,AMIA
46980_MIC,real-tabpfn,5,amia,42.6,ml_privacy_meter/logs/46980_MIC/real-tabpfn/seed5/amia/report/log_amia.log,0.8042536033350058,row_max_auc,AMIA
46980_MIC,tabdpt,1,amia,10.7,ml_privacy_meter/logs/46980_MIC/tabdpt/seed1/amia/report/log_amia.log,0.9849168218677188,row_max_auc,AMIA
46980_MIC,tabdpt,2,amia,10.7,ml_privacy_meter/logs/46980_MIC/tabdpt/seed2/amia/report/log_amia.log,0.9915048766841176,row_max_auc,AMIA
46980_MIC,tabdpt,3,amia,10.7,ml_privacy_meter/logs/46980_MIC/tabdpt/seed3/amia/report/log_amia.log,0.9877853050652896,row_max_auc,AMIA
46980_MIC,tabdpt,4,amia,10.8,ml_privacy_meter/logs/46980_MIC/tabdpt/seed4/amia/report/log_amia.log,0.9932412021361268,row_max_auc,AMIA
46980_MIC,tabdpt,5,amia,10.7,ml_privacy_meter/logs/46980_MIC/tabdpt/seed5/amia/report/log_amia.log,0.9966508094533858,row_max_auc,AMIA
46980_MIC,tabicl,1,amia,14.4,ml_privacy_meter/logs/46980_MIC/tabicl/seed1/amia/report/log_amia.log,0.967553567347625,row_max_auc,AMIA
46980_MIC,tabicl,2,amia,15.5,ml_privacy_meter/logs/46980_MIC/tabicl/seed2/amia/report/log_amia.log,0.9775669903779726,row_max_auc,AMIA
46980_MIC,tabicl,3,amia,14.1,ml_privacy_meter/logs/46980_MIC/tabicl/seed3/amia/report/log_amia.log,0.9705560181670602,row_max_auc,AMIA
46980_MIC,tabicl,4,amia,14.7,ml_privacy_meter/logs/46980_MIC/tabicl/seed4/amia/report/log_amia.log,0.9819064905999384,row_max_auc,AMIA
46980_MIC,tabicl,5,amia,15.4,ml_privacy_meter/logs/46980_MIC/tabicl/seed5/amia/report/log_amia.log,0.9798155449724052,row_max_auc,AMIA
46980_MIC,tabpfn,1,amia,44.9,ml_privacy_meter/logs/46980_MIC/tabpfn/seed1/amia/report/log_amia.log,0.8194247798071391,row_max_auc,AMIA
46980_MIC,tabpfn,2,amia,41.7,ml_privacy_meter/logs/46980_MIC/tabpfn/seed2/amia/report/log_amia.log,0.7890614123339524,row_max_auc,AMIA
46980_MIC,tabpfn,3,amia,41.7,ml_privacy_meter/logs/46980_MIC/tabpfn/seed3/amia/report/log_amia.log,0.7865606833924804,row_max_auc,AMIA
46980_MIC,tabpfn,4,amia,42.0,ml_privacy_meter/logs/46980_MIC/tabpfn/seed4/amia/report/log_amia.log,0.8116021214166944,row_max_auc,AMIA
46980_MIC,tabpfn,5,amia,42.0,ml_privacy_meter/logs/46980_MIC/tabpfn/seed5/amia/report/log_amia.log,0.7760770602775494,row_max_auc,AMIA
credit_rating,real-tabpfn,1,amia,23.6,ml_privacy_meter/logs/credit_rating/real-tabpfn/seed1/amia/report/log_amia.log,0.923661733176568,row_max_auc,AMIA
credit_rating,real-tabpfn,2,amia,23.5,ml_privacy_meter/logs/credit_rating/real-tabpfn/seed2/amia/report/log_amia.log,0.8886039836779861,row_max_auc,AMIA
credit_rating,real-tabpfn,3,amia,22.7,ml_privacy_meter/logs/credit_rating/real-tabpfn/seed3/amia/report/log_amia.log,0.9108254374438068,row_max_auc,AMIA
credit_rating,real-tabpfn,4,amia,24.3,ml_privacy_meter/logs/credit_rating/real-tabpfn/seed4/amia/report/log_amia.log,0.9005636627705927,row_max_auc,AMIA
credit_rating,real-tabpfn,5,amia,23.1,ml_privacy_meter/logs/credit_rating/real-tabpfn/seed5/amia/report/log_amia.log,0.8853949097447956,row_max_auc,AMIA
credit_rating,tabdpt,1,amia,12.3,ml_privacy_meter/logs/credit_rating/tabdpt/seed1/amia/report/log_amia.log,0.98093574936026,row_max_auc,AMIA
credit_rating,tabdpt,2,amia,12.2,ml_privacy_meter/logs/credit_rating/tabdpt/seed2/amia/report/log_amia.log,0.9720122415104778,row_max_auc,AMIA
credit_rating,tabdpt,3,amia,11.9,ml_privacy_meter/logs/credit_rating/tabdpt/seed3/amia/report/log_amia.log,0.9810671554049382,row_max_auc,AMIA
credit_rating,tabdpt,4,amia,12.7,ml_privacy_meter/logs/credit_rating/tabdpt/seed4/amia/report/log_amia.log,0.9826405698872674,row_max_auc,AMIA
credit_rating,tabdpt,5,amia,11.9,ml_privacy_meter/logs/credit_rating/tabdpt/seed5/amia/report/log_amia.log,0.982445189847154,row_max_auc,AMIA
credit_rating,tabicl,1,amia,17.1,ml_privacy_meter/logs/credit_rating/tabicl/seed1/amia/report/log_amia.log,0.9664828134725776,row_max_auc,AMIA
credit_rating,tabicl,2,amia,17.5,ml_privacy_meter/logs/credit_rating/tabicl/seed2/amia/report/log_amia.log,0.9187046130437788,row_max_auc,AMIA
credit_rating,tabicl,3,amia,16.5,ml_privacy_meter/logs/credit_rating/tabicl/seed3/amia/report/log_amia.log,0.9518085621412268,row_max_auc,AMIA
credit_rating,tabicl,4,amia,18.0,ml_privacy_meter/logs/credit_rating/tabicl/seed4/amia/report/log_amia.log,0.9515111695137976,row_max_auc,AMIA
credit_rating,tabicl,5,amia,16.9,ml_privacy_meter/logs/credit_rating/tabicl/seed5/amia/report/log_amia.log,0.949285911888789,row_max_auc,AMIA
credit_rating,tabpfn,1,amia,23.3,ml_privacy_meter/logs/credit_rating/tabpfn/seed1/amia/report/log_amia.log,0.9241579638979184,row_max_auc,AMIA
credit_rating,tabpfn,2,amia,22.3,ml_privacy_meter/logs/credit_rating/tabpfn/seed2/amia/report/log_amia.log,0.8891382529912165,row_max_auc,AMIA
credit_rating,tabpfn,3,amia,23.2,ml_privacy_meter/logs/credit_rating/tabpfn/seed3/amia/report/log_amia.log,0.908802475966526,row_max_auc,AMIA
credit_rating,tabpfn,4,amia,23.1,ml_privacy_meter/logs/credit_rating/tabpfn/seed4/amia/report/log_amia.log,0.9004581921294695,row_max_auc,AMIA
credit_rating,tabpfn,5,amia,23.0,ml_privacy_meter/logs/credit_rating/tabpfn/seed5/amia/report/log_amia.log,0.8856335154575004,row_max_auc,AMIA
dropout_success,real-tabpfn,1,amia,85.8,ml_privacy_meter/logs/dropout_success/real-tabpfn/seed1/amia/report/log_amia.log,0.8835137109909925,row_max_auc,AMIA
dropout_success,real-tabpfn,1,amia,4.2,ml_privacy_meter/logs/dropout_success/real-tabpfn/seed1/amia_ctx10/report/log_amia.log,0.8835137109909925,row_max_auc,AMIA
dropout_success,real-tabpfn,1,amia,6.9,ml_privacy_meter/logs/dropout_success/real-tabpfn/seed1/amia_ctx20/report/log_amia.log,0.8835137109909925,row_max_auc,AMIA
dropout_success,real-tabpfn,1,amia,9.8,ml_privacy_meter/logs/dropout_success/real-tabpfn/seed1/amia_ctx30/report/log_amia.log,0.8835137109909925,row_max_auc,AMIA
dropout_success,real-tabpfn,1,amia,14.0,ml_privacy_meter/logs/dropout_success/real-tabpfn/seed1/amia_ctx40/report/log_amia.log,0.8835137109909925,row_max_auc,AMIA
dropout_success,real-tabpfn,1,amia,3.4,ml_privacy_meter/logs/dropout_success/real-tabpfn/seed1/amia_ctx5/report/log_amia.log,0.8835137109909925,row_max_auc,AMIA
dropout_success,real-tabpfn,1,amia,21.1,ml_privacy_meter/logs/dropout_success/real-tabpfn/seed1/amia_ctx50/report/log_amia.log,0.8835137109909925,row_max_auc,AMIA
dropout_success,real-tabpfn,1,amia,40.1,ml_privacy_meter/logs/dropout_success/real-tabpfn/seed1/amia_ctx60/report/log_amia.log,0.8835137109909925,row_max_auc,AMIA
dropout_success,real-tabpfn,1,amia,51.0,ml_privacy_meter/logs/dropout_success/real-tabpfn/seed1/amia_ctx70/report/log_amia.log,0.8835137109909925,row_max_auc,AMIA
dropout_success,real-tabpfn,1,amia,65.5,ml_privacy_meter/logs/dropout_success/real-tabpfn/seed1/amia_ctx80/report/log_amia.log,0.8835137109909925,row_max_auc,AMIA
dropout_success,real-tabpfn,1,amia,81.0,ml_privacy_meter/logs/dropout_success/real-tabpfn/seed1/amia_ctx90/report/log_amia.log,0.8835137109909925,row_max_auc,AMIA
dropout_success,real-tabpfn,2,amia,77.1,ml_privacy_meter/logs/dropout_success/real-tabpfn/seed2/amia/report/log_amia.log,0.8566527182362558,row_max_auc,AMIA
dropout_success,real-tabpfn,2,amia,4.2,ml_privacy_meter/logs/dropout_success/real-tabpfn/seed2/amia_ctx10/report/log_amia.log,0.8566527182362558,row_max_auc,AMIA
dropout_success,real-tabpfn,2,amia,6.9,ml_privacy_meter/logs/dropout_success/real-tabpfn/seed2/amia_ctx20/report/log_amia.log,0.8566527182362558,row_max_auc,AMIA
dropout_success,real-tabpfn,2,amia,10.0,ml_privacy_meter/logs/dropout_success/real-tabpfn/seed2/amia_ctx30/report/log_amia.log,0.8566527182362558,row_max_auc,AMIA
dropout_success,real-tabpfn,2,amia,14.1,ml_privacy_meter/logs/dropout_success/real-tabpfn/seed2/amia_ctx40/report/log_amia.log,0.8566527182362558,row_max_auc,AMIA
dropout_success,real-tabpfn,2,amia,3.5,ml_privacy_meter/logs/dropout_success/real-tabpfn/seed2/amia_ctx5/report/log_amia.log,0.8566527182362558,row_max_auc,AMIA
dropout_success,real-tabpfn,2,amia,21.1,ml_privacy_meter/logs/dropout_success/real-tabpfn/seed2/amia_ctx50/report/log_amia.log,0.8566527182362558,row_max_auc,AMIA
dropout_success,real-tabpfn,2,amia,40.2,ml_privacy_meter/logs/dropout_success/real-tabpfn/seed2/amia_ctx60/report/log_amia.log,0.8566527182362558,row_max_auc,AMIA
dropout_success,real-tabpfn,2,amia,50.8,ml_privacy_meter/logs/dropout_success/real-tabpfn/seed2/amia_ctx70/report/log_amia.log,0.8566527182362558,row_max_auc,AMIA
dropout_success,real-tabpfn,2,amia,65.2,ml_privacy_meter/logs/dropout_success/real-tabpfn/seed2/amia_ctx80/report/log_amia.log,0.8566527182362558,row_max_auc,AMIA
dropout_success,real-tabpfn,2,amia,81.0,ml_privacy_meter/logs/dropout_success/real-tabpfn/seed2/amia_ctx90/report/log_amia.log,0.8566527182362558,row_max_auc,AMIA
dropout_success,real-tabpfn,3,amia,79.9,ml_privacy_meter/logs/dropout_success/real-tabpfn/seed3/amia/report/log_amia.log,0.9036184895364971,row_max_auc,AMIA
dropout_success,real-tabpfn,3,amia,4.2,ml_privacy_meter/logs/dropout_success/real-tabpfn/seed3/amia_ctx10/report/log_amia.log,0.9036184895364971,row_max_auc,AMIA
dropout_success,real-tabpfn,3,amia,6.8,ml_privacy_meter/logs/dropout_success/real-tabpfn/seed3/amia_ctx20/report/log_amia.log,0.9036184895364971,row_max_auc,AMIA
dropout_success,real-tabpfn,3,amia,9.8,ml_privacy_meter/logs/dropout_success/real-tabpfn/seed3/amia_ctx30/report/log_amia.log,0.9036184895364971,row_max_auc,AMIA
dropout_success,real-tabpfn,3,amia,14.1,ml_privacy_meter/logs/dropout_success/real-tabpfn/seed3/amia_ctx40/report/log_amia.log,0.9036184895364971,row_max_auc,AMIA
dropout_success,real-tabpfn,3,amia,3.4,ml_privacy_meter/logs/dropout_success/real-tabpfn/seed3/amia_ctx5/report/log_amia.log,0.9036184895364971,row_max_auc,AMIA
dropout_success,real-tabpfn,3,amia,21.6,ml_privacy_meter/logs/dropout_success/real-tabpfn/seed3/amia_ctx50/report/log_amia.log,0.9036184895364971,row_max_auc,AMIA
dropout_success,real-tabpfn,3,amia,40.0,ml_privacy_meter/logs/dropout_success/real-tabpfn/seed3/amia_ctx60/report/log_amia.log,0.9036184895364971,row_max_auc,AMIA
dropout_success,real-tabpfn,3,amia,50.9,ml_privacy_meter/logs/dropout_success/real-tabpfn/seed3/amia_ctx70/report/log_amia.log,0.9036184895364971,row_max_auc,AMIA
dropout_success,real-tabpfn,3,amia,65.1,ml_privacy_meter/logs/dropout_success/real-tabpfn/seed3/amia_ctx80/report/log_amia.log,0.9036184895364971,row_max_auc,AMIA
dropout_success,real-tabpfn,3,amia,80.9,ml_privacy_meter/logs/dropout_success/real-tabpfn/seed3/amia_ctx90/report/log_amia.log,0.9036184895364971,row_max_auc,AMIA
dropout_success,real-tabpfn,4,amia,94.7,ml_privacy_meter/logs/dropout_success/real-tabpfn/seed4/amia/report/log_amia.log,0.8402445099174104,row_max_auc,AMIA
dropout_success,real-tabpfn,4,amia,4.2,ml_privacy_meter/logs/dropout_success/real-tabpfn/seed4/amia_ctx10/report/log_amia.log,0.8402445099174104,row_max_auc,AMIA
dropout_success,real-tabpfn,4,amia,6.8,ml_privacy_meter/logs/dropout_success/real-tabpfn/seed4/amia_ctx20/report/log_amia.log,0.8402445099174104,row_max_auc,AMIA
dropout_success,real-tabpfn,4,amia,9.9,ml_privacy_meter/logs/dropout_success/real-tabpfn/seed4/amia_ctx30/report/log_amia.log,0.8402445099174104,row_max_auc,AMIA
dropout_success,real-tabpfn,4,amia,14.1,ml_privacy_meter/logs/dropout_success/real-tabpfn/seed4/amia_ctx40/report/log_amia.log,0.8402445099174104,row_max_auc,AMIA
dropout_success,real-tabpfn,4,amia,3.5,ml_privacy_meter/logs/dropout_success/real-tabpfn/seed4/amia_ctx5/report/log_amia.log,0.8402445099174104,row_max_auc,AMIA
dropout_success,real-tabpfn,4,amia,21.5,ml_privacy_meter/logs/dropout_success/real-tabpfn/seed4/amia_ctx50/report/log_amia.log,0.8402445099174104,row_max_auc,AMIA
dropout_success,real-tabpfn,4,amia,40.0,ml_privacy_meter/logs/dropout_success/real-tabpfn/seed4/amia_ctx60/report/log_amia.log,0.8402445099174104,row_max_auc,AMIA
dropout_success,real-tabpfn,4,amia,50.9,ml_privacy_meter/logs/dropout_success/real-tabpfn/seed4/amia_ctx70/report/log_amia.log,0.8402445099174104,row_max_auc,AMIA
dropout_success,real-tabpfn,4,amia,65.2,ml_privacy_meter/logs/dropout_success/real-tabpfn/seed4/amia_ctx80/report/log_amia.log,0.8402445099174104,row_max_auc,AMIA
dropout_success,real-tabpfn,4,amia,81.3,ml_privacy_meter/logs/dropout_success/real-tabpfn/seed4/amia_ctx90/report/log_amia.log,0.8402445099174104,row_max_auc,AMIA
dropout_success,real-tabpfn,5,amia,101.5,ml_privacy_meter/logs/dropout_success/real-tabpfn/seed5/amia/report/log_amia.log,0.8656450776646716,row_max_auc,AMIA
dropout_success,real-tabpfn,5,amia,4.2,ml_privacy_meter/logs/dropout_success/real-tabpfn/seed5/amia_ctx10/report/log_amia.log,0.8656450776646716,row_max_auc,AMIA
dropout_success,real-tabpfn,5,amia,6.8,ml_privacy_meter/logs/dropout_success/real-tabpfn/seed5/amia_ctx20/report/log_amia.log,0.8656450776646716,row_max_auc,AMIA
dropout_success,real-tabpfn,5,amia,9.8,ml_privacy_meter/logs/dropout_success/real-tabpfn/seed5/amia_ctx30/report/log_amia.log,0.8656450776646716,row_max_auc,AMIA
dropout_success,real-tabpfn,5,amia,14.0,ml_privacy_meter/logs/dropout_success/real-tabpfn/seed5/amia_ctx40/report/log_amia.log,0.8656450776646716,row_max_auc,AMIA
dropout_success,real-tabpfn,5,amia,3.4,ml_privacy_meter/logs/dropout_success/real-tabpfn/seed5/amia_ctx5/report/log_amia.log,0.8656450776646716,row_max_auc,AMIA
dropout_success,real-tabpfn,5,amia,21.3,ml_privacy_meter/logs/dropout_success/real-tabpfn/seed5/amia_ctx50/report/log_amia.log,0.8656450776646716,row_max_auc,AMIA
dropout_success,real-tabpfn,5,amia,40.5,ml_privacy_meter/logs/dropout_success/real-tabpfn/seed5/amia_ctx60/report/log_amia.log,0.8656450776646716,row_max_auc,AMIA
dropout_success,real-tabpfn,5,amia,51.4,ml_privacy_meter/logs/dropout_success/real-tabpfn/seed5/amia_ctx70/report/log_amia.log,0.8656450776646716,row_max_auc,AMIA
dropout_success,real-tabpfn,5,amia,65.0,ml_privacy_meter/logs/dropout_success/real-tabpfn/seed5/amia_ctx80/report/log_amia.log,0.8656450776646716,row_max_auc,AMIA
dropout_success,real-tabpfn,5,amia,80.9,ml_privacy_meter/logs/dropout_success/real-tabpfn/seed5/amia_ctx90/report/log_amia.log,0.8656450776646716,row_max_auc,AMIA
dropout_success,tabdpt,1,amia,32.7,ml_privacy_meter/logs/dropout_success/tabdpt/seed1/amia/report/log_amia.log,0.9991915796388522,row_max_auc,AMIA
dropout_success,tabdpt,1,amia,4.5,ml_privacy_meter/logs/dropout_success/tabdpt/seed1/amia_ctx10/report/log_amia.log,0.9991915796388522,row_max_auc,AMIA
dropout_success,tabdpt,1,amia,5.3,ml_privacy_meter/logs/dropout_success/tabdpt/seed1/amia_ctx20/report/log_amia.log,0.9991915796388522,row_max_auc,AMIA
dropout_success,tabdpt,1,amia,6.2,ml_privacy_meter/logs/dropout_success/tabdpt/seed1/amia_ctx30/report/log_amia.log,0.9991915796388522,row_max_auc,AMIA
dropout_success,tabdpt,1,amia,7.3,ml_privacy_meter/logs/dropout_success/tabdpt/seed1/amia_ctx40/report/log_amia.log,0.9991915796388522,row_max_auc,AMIA
dropout_success,tabdpt,1,amia,4.0,ml_privacy_meter/logs/dropout_success/tabdpt/seed1/amia_ctx5/report/log_amia.log,0.9991915796388522,row_max_auc,AMIA
dropout_success,tabdpt,1,amia,8.7,ml_privacy_meter/logs/dropout_success/tabdpt/seed1/amia_ctx50/report/log_amia.log,0.9991915796388522,row_max_auc,AMIA
dropout_success,tabdpt,1,amia,11.6,ml_privacy_meter/logs/dropout_success/tabdpt/seed1/amia_ctx60/report/log_amia.log,0.9991915796388522,row_max_auc,AMIA
dropout_success,tabdpt,1,amia,12.4,ml_privacy_meter/logs/dropout_success/tabdpt/seed1/amia_ctx70/report/log_amia.log,0.9991915796388522,row_max_auc,AMIA
dropout_success,tabdpt,1,amia,17.9,ml_privacy_meter/logs/dropout_success/tabdpt/seed1/amia_ctx80/report/log_amia.log,0.9991915796388522,row_max_auc,AMIA
dropout_success,tabdpt,1,amia,21.4,ml_privacy_meter/logs/dropout_success/tabdpt/seed1/amia_ctx90/report/log_amia.log,0.9991915796388522,row_max_auc,AMIA
dropout_success,tabdpt,2,amia,32.8,ml_privacy_meter/logs/dropout_success/tabdpt/seed2/amia/report/log_amia.log,0.998886014909088,row_max_auc,AMIA
dropout_success,tabdpt,2,amia,4.4,ml_privacy_meter/logs/dropout_success/tabdpt/seed2/amia_ctx10/report/log_amia.log,0.998886014909088,row_max_auc,AMIA
dropout_success,tabdpt,2,amia,5.3,ml_privacy_meter/logs/dropout_success/tabdpt/seed2/amia_ctx20/report/log_amia.log,0.998886014909088,row_max_auc,AMIA
dropout_success,tabdpt,2,amia,6.2,ml_privacy_meter/logs/dropout_success/tabdpt/seed2/amia_ctx30/report/log_amia.log,0.998886014909088,row_max_auc,AMIA
dropout_success,tabdpt,2,amia,7.3,ml_privacy_meter/logs/dropout_success/tabdpt/seed2/amia_ctx40/report/log_amia.log,0.998886014909088,row_max_auc,AMIA
dropout_success,tabdpt,2,amia,4.0,ml_privacy_meter/logs/dropout_success/tabdpt/seed2/amia_ctx5/report/log_amia.log,0.998886014909088,row_max_auc,AMIA
dropout_success,tabdpt,2,amia,8.7,ml_privacy_meter/logs/dropout_success/tabdpt/seed2/amia_ctx50/report/log_amia.log,0.998886014909088,row_max_auc,AMIA
dropout_success,tabdpt,2,amia,10.2,ml_privacy_meter/logs/dropout_success/tabdpt/seed2/amia_ctx60/report/log_amia.log,0.998886014909088,row_max_auc,AMIA
dropout_success,tabdpt,2,amia,12.2,ml_privacy_meter/logs/dropout_success/tabdpt/seed2/amia_ctx70/report/log_amia.log,0.998886014909088,row_max_auc,AMIA
dropout_success,tabdpt,2,amia,15.0,ml_privacy_meter/logs/dropout_success/tabdpt/seed2/amia_ctx80/report/log_amia.log,0.998886014909088,row_max_auc,AMIA
dropout_success,tabdpt,2,amia,21.3,ml_privacy_meter/logs/dropout_success/tabdpt/seed2/amia_ctx90/report/log_amia.log,0.998886014909088,row_max_auc,AMIA
dropout_success,tabdpt,3,amia,32.6,ml_privacy_meter/logs/dropout_success/tabdpt/seed3/amia/report/log_amia.log,0.9988467747297606,row_max_auc,AMIA
dropout_success,tabdpt,3,amia,4.4,ml_privacy_meter/logs/dropout_success/tabdpt/seed3/amia_ctx10/report/log_amia.log,0.9988467747297606,row_max_auc,AMIA
dropout_success,tabdpt,3,amia,5.3,ml_privacy_meter/logs/dropout_success/tabdpt/seed3/amia_ctx20/report/log_amia.log,0.9988467747297606,row_max_auc,AMIA
dropout_success,tabdpt,3,amia,6.2,ml_privacy_meter/logs/dropout_success/tabdpt/seed3/amia_ctx30/report/log_amia.log,0.9988467747297606,row_max_auc,AMIA
dropout_success,tabdpt,3,amia,7.2,ml_privacy_meter/logs/dropout_success/tabdpt/seed3/amia_ctx40/report/log_amia.log,0.9988467747297606,row_max_auc,AMIA
dropout_success,tabdpt,3,amia,4.1,ml_privacy_meter/logs/dropout_success/tabdpt/seed3/amia_ctx5/report/log_amia.log,0.9988467747297606,row_max_auc,AMIA
dropout_success,tabdpt,3,amia,8.8,ml_privacy_meter/logs/dropout_success/tabdpt/seed3/amia_ctx50/report/log_amia.log,0.9988467747297606,row_max_auc,AMIA
dropout_success,tabdpt,3,amia,11.6,ml_privacy_meter/logs/dropout_success/tabdpt/seed3/amia_ctx60/report/log_amia.log,0.9988467747297606,row_max_auc,AMIA
dropout_success,tabdpt,3,amia,13.3,ml_privacy_meter/logs/dropout_success/tabdpt/seed3/amia_ctx70/report/log_amia.log,0.9988467747297606,row_max_auc,AMIA
dropout_success,tabdpt,3,amia,17.8,ml_privacy_meter/logs/dropout_success/tabdpt/seed3/amia_ctx80/report/log_amia.log,0.9988467747297606,row_max_auc,AMIA
dropout_success,tabdpt,3,amia,21.3,ml_privacy_meter/logs/dropout_success/tabdpt/seed3/amia_ctx90/report/log_amia.log,0.9988467747297606,row_max_auc,AMIA
dropout_success,tabdpt,4,amia,32.5,ml_privacy_meter/logs/dropout_success/tabdpt/seed4/amia/report/log_amia.log,0.9991029259003712,row_max_auc,AMIA
dropout_success,tabdpt,4,amia,4.4,ml_privacy_meter/logs/dropout_success/tabdpt/seed4/amia_ctx10/report/log_amia.log,0.9991029259003712,row_max_auc,AMIA
dropout_success,tabdpt,4,amia,5.4,ml_privacy_meter/logs/dropout_success/tabdpt/seed4/amia_ctx20/report/log_amia.log,0.9991029259003712,row_max_auc,AMIA
dropout_success,tabdpt,4,amia,6.1,ml_privacy_meter/logs/dropout_success/tabdpt/seed4/amia_ctx30/report/log_amia.log,0.9991029259003712,row_max_auc,AMIA
dropout_success,tabdpt,4,amia,7.3,ml_privacy_meter/logs/dropout_success/tabdpt/seed4/amia_ctx40/report/log_amia.log,0.9991029259003712,row_max_auc,AMIA
dropout_success,tabdpt,4,amia,4.0,ml_privacy_meter/logs/dropout_success/tabdpt/seed4/amia_ctx5/report/log_amia.log,0.9991029259003712,row_max_auc,AMIA
dropout_success,tabdpt,4,amia,8.7,ml_privacy_meter/logs/dropout_success/tabdpt/seed4/amia_ctx50/report/log_amia.log,0.9991029259003712,row_max_auc,AMIA
dropout_success,tabdpt,4,amia,10.2,ml_privacy_meter/logs/dropout_success/tabdpt/seed4/amia_ctx60/report/log_amia.log,0.9991029259003712,row_max_auc,AMIA
dropout_success,tabdpt,4,amia,14.2,ml_privacy_meter/logs/dropout_success/tabdpt/seed4/amia_ctx70/report/log_amia.log,0.9991029259003712,row_max_auc,AMIA
dropout_success,tabdpt,4,amia,14.6,ml_privacy_meter/logs/dropout_success/tabdpt/seed4/amia_ctx80/report/log_amia.log,0.9991029259003712,row_max_auc,AMIA
dropout_success,tabdpt,4,amia,21.4,ml_privacy_meter/logs/dropout_success/tabdpt/seed4/amia_ctx90/report/log_amia.log,0.9991029259003712,row_max_auc,AMIA
dropout_success,tabdpt,5,amia,32.8,ml_privacy_meter/logs/dropout_success/tabdpt/seed5/amia/report/log_amia.log,0.9990724057608944,row_max_auc,AMIA
dropout_success,tabdpt,5,amia,4.4,ml_privacy_meter/logs/dropout_success/tabdpt/seed5/amia_ctx10/report/log_amia.log,0.9990724057608944,row_max_auc,AMIA
dropout_success,tabdpt,5,amia,5.3,ml_privacy_meter/logs/dropout_success/tabdpt/seed5/amia_ctx20/report/log_amia.log,0.9990724057608944,row_max_auc,AMIA
dropout_success,tabdpt,5,amia,6.1,ml_privacy_meter/logs/dropout_success/tabdpt/seed5/amia_ctx30/report/log_amia.log,0.9990724057608944,row_max_auc,AMIA
dropout_success,tabdpt,5,amia,7.3,ml_privacy_meter/logs/dropout_success/tabdpt/seed5/amia_ctx40/report/log_amia.log,0.9990724057608944,row_max_auc,AMIA
dropout_success,tabdpt,5,amia,4.0,ml_privacy_meter/logs/dropout_success/tabdpt/seed5/amia_ctx5/report/log_amia.log,0.9990724057608944,row_max_auc,AMIA
dropout_success,tabdpt,5,amia,8.7,ml_privacy_meter/logs/dropout_success/tabdpt/seed5/amia_ctx50/report/log_amia.log,0.9990724057608944,row_max_auc,AMIA
dropout_success,tabdpt,5,amia,10.3,ml_privacy_meter/logs/dropout_success/tabdpt/seed5/amia_ctx60/report/log_amia.log,0.9990724057608944,row_max_auc,AMIA
dropout_success,tabdpt,5,amia,14.4,ml_privacy_meter/logs/dropout_success/tabdpt/seed5/amia_ctx70/report/log_amia.log,0.9990724057608944,row_max_auc,AMIA
dropout_success,tabdpt,5,amia,17.9,ml_privacy_meter/logs/dropout_success/tabdpt/seed5/amia_ctx80/report/log_amia.log,0.9990724057608944,row_max_auc,AMIA
dropout_success,tabdpt,5,amia,21.3,ml_privacy_meter/logs/dropout_success/tabdpt/seed5/amia_ctx90/report/log_amia.log,0.9990724057608944,row_max_auc,AMIA
dropout_success,tabicl,1,amia,83.5,ml_privacy_meter/logs/dropout_success/tabicl/seed1/amia/report/log_amia.log,0.9923488917011016,row_max_auc,AMIA
dropout_success,tabicl,1,amia,3.1,ml_privacy_meter/logs/dropout_success/tabicl/seed1/amia_ctx10/report/log_amia.log,0.9923488917011016,row_max_auc,AMIA
dropout_success,tabicl,1,amia,4.3,ml_privacy_meter/logs/dropout_success/tabicl/seed1/amia_ctx20/report/log_amia.log,0.9923488917011016,row_max_auc,AMIA
dropout_success,tabicl,1,amia,6.8,ml_privacy_meter/logs/dropout_success/tabicl/seed1/amia_ctx30/report/log_amia.log,0.9923488917011016,row_max_auc,AMIA
dropout_success,tabicl,1,amia,10.8,ml_privacy_meter/logs/dropout_success/tabicl/seed1/amia_ctx40/report/log_amia.log,0.9923488917011016,row_max_auc,AMIA
dropout_success,tabicl,1,amia,2.5,ml_privacy_meter/logs/dropout_success/tabicl/seed1/amia_ctx5/report/log_amia.log,0.9923488917011016,row_max_auc,AMIA
dropout_success,tabicl,1,amia,16.5,ml_privacy_meter/logs/dropout_success/tabicl/seed1/amia_ctx50/report/log_amia.log,0.9923488917011016,row_max_auc,AMIA
dropout_success,tabicl,1,amia,23.4,ml_privacy_meter/logs/dropout_success/tabicl/seed1/amia_ctx60/report/log_amia.log,0.9923488917011016,row_max_auc,AMIA
dropout_success,tabicl,1,amia,32.5,ml_privacy_meter/logs/dropout_success/tabicl/seed1/amia_ctx70/report/log_amia.log,0.9923488917011016,row_max_auc,AMIA
dropout_success,tabicl,1,amia,45.0,ml_privacy_meter/logs/dropout_success/tabicl/seed1/amia_ctx80/report/log_amia.log,0.9923488917011016,row_max_auc,AMIA
dropout_success,tabicl,1,amia,58.1,ml_privacy_meter/logs/dropout_success/tabicl/seed1/amia_ctx90/report/log_amia.log,0.9923488917011016,row_max_auc,AMIA
dropout_success,tabicl,2,amia,82.3,ml_privacy_meter/logs/dropout_success/tabicl/seed2/amia/report/log_amia.log,0.9937844282615038,row_max_auc,AMIA
dropout_success,tabicl,2,amia,3.0,ml_privacy_meter/logs/dropout_success/tabicl/seed2/amia_ctx10/report/log_amia.log,0.9937844282615038,row_max_auc,AMIA
dropout_success,tabicl,2,amia,4.4,ml_privacy_meter/logs/dropout_success/tabicl/seed2/amia_ctx20/report/log_amia.log,0.9937844282615038,row_max_auc,AMIA
dropout_success,tabicl,2,amia,6.9,ml_privacy_meter/logs/dropout_success/tabicl/seed2/amia_ctx30/report/log_amia.log,0.9937844282615038,row_max_auc,AMIA
dropout_success,tabicl,2,amia,10.8,ml_privacy_meter/logs/dropout_success/tabicl/seed2/amia_ctx40/report/log_amia.log,0.9937844282615038,row_max_auc,AMIA
dropout_success,tabicl,2,amia,2.6,ml_privacy_meter/logs/dropout_success/tabicl/seed2/amia_ctx5/report/log_amia.log,0.9937844282615038,row_max_auc,AMIA
dropout_success,tabicl,2,amia,16.7,ml_privacy_meter/logs/dropout_success/tabicl/seed2/amia_ctx50/report/log_amia.log,0.9937844282615038,row_max_auc,AMIA
dropout_success,tabicl,2,amia,23.3,ml_privacy_meter/logs/dropout_success/tabicl/seed2/amia_ctx60/report/log_amia.log,0.9937844282615038,row_max_auc,AMIA
dropout_success,tabicl,2,amia,32.1,ml_privacy_meter/logs/dropout_success/tabicl/seed2/amia_ctx70/report/log_amia.log,0.9937844282615038,row_max_auc,AMIA
dropout_success,tabicl,2,amia,45.0,ml_privacy_meter/logs/dropout_success/tabicl/seed2/amia_ctx80/report/log_amia.log,0.9937844282615038,row_max_auc,AMIA
dropout_success,tabicl,2,amia,58.1,ml_privacy_meter/logs/dropout_success/tabicl/seed2/amia_ctx90/report/log_amia.log,0.9937844282615038,row_max_auc,AMIA
dropout_success,tabicl,3,amia,81.7,ml_privacy_meter/logs/dropout_success/tabicl/seed3/amia/report/log_amia.log,0.9935068403262604,row_max_auc,AMIA
dropout_success,tabicl,3,amia,3.1,ml_privacy_meter/logs/dropout_success/tabicl/seed3/amia_ctx10/report/log_amia.log,0.9935068403262604,row_max_auc,AMIA
dropout_success,tabicl,3,amia,4.3,ml_privacy_meter/logs/dropout_success/tabicl/seed3/amia_ctx20/report/log_amia.log,0.9935068403262604,row_max_auc,AMIA
dropout_success,tabicl,3,amia,6.8,ml_privacy_meter/logs/dropout_success/tabicl/seed3/amia_ctx30/report/log_amia.log,0.9935068403262604,row_max_auc,AMIA
dropout_success,tabicl,3,amia,10.7,ml_privacy_meter/logs/dropout_success/tabicl/seed3/amia_ctx40/report/log_amia.log,0.9935068403262604,row_max_auc,AMIA
dropout_success,tabicl,3,amia,2.5,ml_privacy_meter/logs/dropout_success/tabicl/seed3/amia_ctx5/report/log_amia.log,0.9935068403262604,row_max_auc,AMIA
dropout_success,tabicl,3,amia,16.4,ml_privacy_meter/logs/dropout_success/tabicl/seed3/amia_ctx50/report/log_amia.log,0.9935068403262604,row_max_auc,AMIA
dropout_success,tabicl,3,amia,23.2,ml_privacy_meter/logs/dropout_success/tabicl/seed3/amia_ctx60/report/log_amia.log,0.9935068403262604,row_max_auc,AMIA
dropout_success,tabicl,3,amia,32.5,ml_privacy_meter/logs/dropout_success/tabicl/seed3/amia_ctx70/report/log_amia.log,0.9935068403262604,row_max_auc,AMIA
dropout_success,tabicl,3,amia,44.9,ml_privacy_meter/logs/dropout_success/tabicl/seed3/amia_ctx80/report/log_amia.log,0.9935068403262604,row_max_auc,AMIA
dropout_success,tabicl,3,amia,58.2,ml_privacy_meter/logs/dropout_success/tabicl/seed3/amia_ctx90/report/log_amia.log,0.9935068403262604,row_max_auc,AMIA
dropout_success,tabicl,4,amia,81.1,ml_privacy_meter/logs/dropout_success/tabicl/seed4/amia/report/log_amia.log,0.9874747527596202,row_max_auc,AMIA
dropout_success,tabicl,4,amia,3.0,ml_privacy_meter/logs/dropout_success/tabicl/seed4/amia_ctx10/report/log_amia.log,0.9874747527596202,row_max_auc,AMIA
dropout_success,tabicl,4,amia,4.3,ml_privacy_meter/logs/dropout_success/tabicl/seed4/amia_ctx20/report/log_amia.log,0.9874747527596202,row_max_auc,AMIA
dropout_success,tabicl,4,amia,6.9,ml_privacy_meter/logs/dropout_success/tabicl/seed4/amia_ctx30/report/log_amia.log,0.9874747527596202,row_max_auc,AMIA
dropout_success,tabicl,4,amia,10.7,ml_privacy_meter/logs/dropout_success/tabicl/seed4/amia_ctx40/report/log_amia.log,0.9874747527596202,row_max_auc,AMIA
dropout_success,tabicl,4,amia,2.6,ml_privacy_meter/logs/dropout_success/tabicl/seed4/amia_ctx5/report/log_amia.log,0.9874747527596202,row_max_auc,AMIA
dropout_success,tabicl,4,amia,16.5,ml_privacy_meter/logs/dropout_success/tabicl/seed4/amia_ctx50/report/log_amia.log,0.9874747527596202,row_max_auc,AMIA
dropout_success,tabicl,4,amia,23.2,ml_privacy_meter/logs/dropout_success/tabicl/seed4/amia_ctx60/report/log_amia.log,0.9874747527596202,row_max_auc,AMIA
dropout_success,tabicl,4,amia,32.4,ml_privacy_meter/logs/dropout_success/tabicl/seed4/amia_ctx70/report/log_amia.log,0.9874747527596202,row_max_auc,AMIA
dropout_success,tabicl,4,amia,44.7,ml_privacy_meter/logs/dropout_success/tabicl/seed4/amia_ctx80/report/log_amia.log,0.9874747527596202,row_max_auc,AMIA
dropout_success,tabicl,4,amia,58.0,ml_privacy_meter/logs/dropout_success/tabicl/seed4/amia_ctx90/report/log_amia.log,0.9874747527596202,row_max_auc,AMIA
dropout_success,tabicl,5,amia,82.2,ml_privacy_meter/logs/dropout_success/tabicl/seed5/amia/report/log_amia.log,0.9968804057434544,row_max_auc,AMIA
dropout_success,tabicl,5,amia,3.0,ml_privacy_meter/logs/dropout_success/tabicl/seed5/amia_ctx10/report/log_amia.log,0.9968804057434544,row_max_auc,AMIA
dropout_success,tabicl,5,amia,4.3,ml_privacy_meter/logs/dropout_success/tabicl/seed5/amia_ctx20/report/log_amia.log,0.9968804057434544,row_max_auc,AMIA
dropout_success,tabicl,5,amia,6.9,ml_privacy_meter/logs/dropout_success/tabicl/seed5/amia_ctx30/report/log_amia.log,0.9968804057434544,row_max_auc,AMIA
dropout_success,tabicl,5,amia,10.8,ml_privacy_meter/logs/dropout_success/tabicl/seed5/amia_ctx40/report/log_amia.log,0.9968804057434544,row_max_auc,AMIA
dropout_success,tabicl,5,amia,2.6,ml_privacy_meter/logs/dropout_success/tabicl/seed5/amia_ctx5/report/log_amia.log,0.9968804057434544,row_max_auc,AMIA
dropout_success,tabicl,5,amia,16.6,ml_privacy_meter/logs/dropout_success/tabicl/seed5/amia_ctx50/report/log_amia.log,0.9968804057434544,row_max_auc,AMIA
dropout_success,tabicl,5,amia,23.6,ml_privacy_meter/logs/dropout_success/tabicl/seed5/amia_ctx60/report/log_amia.log,0.9968804057434544,row_max_auc,AMIA
dropout_success,tabicl,5,amia,32.2,ml_privacy_meter/logs/dropout_success/tabicl/seed5/amia_ctx70/report/log_amia.log,0.9968804057434544,row_max_auc,AMIA
dropout_success,tabicl,5,amia,44.9,ml_privacy_meter/logs/dropout_success/tabicl/seed5/amia_ctx80/report/log_amia.log,0.9968804057434544,row_max_auc,AMIA
dropout_success,tabicl,5,amia,58.0,ml_privacy_meter/logs/dropout_success/tabicl/seed5/amia_ctx90/report/log_amia.log,0.9968804057434544,row_max_auc,AMIA
dropout_success,tabpfn,1,amia,101.5,ml_privacy_meter/logs/dropout_success/tabpfn/seed1/amia/report/log_amia.log,0.8938698483185401,row_max_auc,AMIA
dropout_success,tabpfn,1,amia,4.2,ml_privacy_meter/logs/dropout_success/tabpfn/seed1/amia_ctx10/report/log_amia.log,0.8938698483185401,row_max_auc,AMIA
dropout_success,tabpfn,1,amia,6.9,ml_privacy_meter/logs/dropout_success/tabpfn/seed1/amia_ctx20/report/log_amia.log,0.8938698483185401,row_max_auc,AMIA
dropout_success,tabpfn,1,amia,9.8,ml_privacy_meter/logs/dropout_success/tabpfn/seed1/amia_ctx30/report/log_amia.log,0.8938698483185401,row_max_auc,AMIA
dropout_success,tabpfn,1,amia,14.0,ml_privacy_meter/logs/dropout_success/tabpfn/seed1/amia_ctx40/report/log_amia.log,0.8938698483185401,row_max_auc,AMIA
dropout_success,tabpfn,1,amia,3.4,ml_privacy_meter/logs/dropout_success/tabpfn/seed1/amia_ctx5/report/log_amia.log,0.8938698483185401,row_max_auc,AMIA
dropout_success,tabpfn,1,amia,21.3,ml_privacy_meter/logs/dropout_success/tabpfn/seed1/amia_ctx50/report/log_amia.log,0.8938698483185401,row_max_auc,AMIA
dropout_success,tabpfn,1,amia,40.4,ml_privacy_meter/logs/dropout_success/tabpfn/seed1/amia_ctx60/report/log_amia.log,0.8938698483185401,row_max_auc,AMIA
dropout_success,tabpfn,1,amia,51.4,ml_privacy_meter/logs/dropout_success/tabpfn/seed1/amia_ctx70/report/log_amia.log,0.8938698483185401,row_max_auc,AMIA
dropout_success,tabpfn,1,amia,66.2,ml_privacy_meter/logs/dropout_success/tabpfn/seed1/amia_ctx80/report/log_amia.log,0.8938698483185401,row_max_auc,AMIA
dropout_success,tabpfn,1,amia,81.1,ml_privacy_meter/logs/dropout_success/tabpfn/seed1/amia_ctx90/report/log_amia.log,0.8938698483185401,row_max_auc,AMIA
dropout_success,tabpfn,2,amia,81.3,ml_privacy_meter/logs/dropout_success/tabpfn/seed2/amia/report/log_amia.log,0.8656365392923179,row_max_auc,AMIA
dropout_success,tabpfn,2,amia,4.3,ml_privacy_meter/logs/dropout_success/tabpfn/seed2/amia_ctx10/report/log_amia.log,0.8656365392923179,row_max_auc,AMIA
dropout_success,tabpfn,2,amia,6.9,ml_privacy_meter/logs/dropout_success/tabpfn/seed2/amia_ctx20/report/log_amia.log,0.8656365392923179,row_max_auc,AMIA
dropout_success,tabpfn,2,amia,9.9,ml_privacy_meter/logs/dropout_success/tabpfn/seed2/amia_ctx30/report/log_amia.log,0.8656365392923179,row_max_auc,AMIA
dropout_success,tabpfn,2,amia,13.9,ml_privacy_meter/logs/dropout_success/tabpfn/seed2/amia_ctx40/report/log_amia.log,0.8656365392923179,row_max_auc,AMIA
dropout_success,tabpfn,2,amia,3.4,ml_privacy_meter/logs/dropout_success/tabpfn/seed2/amia_ctx5/report/log_amia.log,0.8656365392923179,row_max_auc,AMIA
dropout_success,tabpfn,2,amia,21.1,ml_privacy_meter/logs/dropout_success/tabpfn/seed2/amia_ctx50/report/log_amia.log,0.8656365392923179,row_max_auc,AMIA
dropout_success,tabpfn,2,amia,39.8,ml_privacy_meter/logs/dropout_success/tabpfn/seed2/amia_ctx60/report/log_amia.log,0.8656365392923179,row_max_auc,AMIA
dropout_success,tabpfn,2,amia,50.8,ml_privacy_meter/logs/dropout_success/tabpfn/seed2/amia_ctx70/report/log_amia.log,0.8656365392923179,row_max_auc,AMIA
dropout_success,tabpfn,2,amia,65.3,ml_privacy_meter/logs/dropout_success/tabpfn/seed2/amia_ctx80/report/log_amia.log,0.8656365392923179,row_max_auc,AMIA
dropout_success,tabpfn,2,amia,81.1,ml_privacy_meter/logs/dropout_success/tabpfn/seed2/amia_ctx90/report/log_amia.log,0.8656365392923179,row_max_auc,AMIA
dropout_success,tabpfn,3,amia,103.1,ml_privacy_meter/logs/dropout_success/tabpfn/seed3/amia/report/log_amia.log,0.9135353548565716,row_max_auc,AMIA
dropout_success,tabpfn,3,amia,4.2,ml_privacy_meter/logs/dropout_success/tabpfn/seed3/amia_ctx10/report/log_amia.log,0.9135353548565716,row_max_auc,AMIA
dropout_success,tabpfn,3,amia,7.0,ml_privacy_meter/logs/dropout_success/tabpfn/seed3/amia_ctx20/report/log_amia.log,0.9135353548565716,row_max_auc,AMIA
dropout_success,tabpfn,3,amia,9.9,ml_privacy_meter/logs/dropout_success/tabpfn/seed3/amia_ctx30/report/log_amia.log,0.9135353548565716,row_max_auc,AMIA
dropout_success,tabpfn,3,amia,14.1,ml_privacy_meter/logs/dropout_success/tabpfn/seed3/amia_ctx40/report/log_amia.log,0.9135353548565716,row_max_auc,AMIA
dropout_success,tabpfn,3,amia,3.4,ml_privacy_meter/logs/dropout_success/tabpfn/seed3/amia_ctx5/report/log_amia.log,0.9135353548565716,row_max_auc,AMIA
dropout_success,tabpfn,3,amia,21.2,ml_privacy_meter/logs/dropout_success/tabpfn/seed3/amia_ctx50/report/log_amia.log,0.9135353548565716,row_max_auc,AMIA
dropout_success,tabpfn,3,amia,40.0,ml_privacy_meter/logs/dropout_success/tabpfn/seed3/amia_ctx60/report/log_amia.log,0.9135353548565716,row_max_auc,AMIA
dropout_success,tabpfn,3,amia,51.0,ml_privacy_meter/logs/dropout_success/tabpfn/seed3/amia_ctx70/report/log_amia.log,0.9135353548565716,row_max_auc,AMIA
dropout_success,tabpfn,3,amia,65.4,ml_privacy_meter/logs/dropout_success/tabpfn/seed3/amia_ctx80/report/log_amia.log,0.9135353548565716,row_max_auc,AMIA
dropout_success,tabpfn,3,amia,81.4,ml_privacy_meter/logs/dropout_success/tabpfn/seed3/amia_ctx90/report/log_amia.log,0.9135353548565716,row_max_auc,AMIA
dropout_success,tabpfn,4,amia,102.3,ml_privacy_meter/logs/dropout_success/tabpfn/seed4/amia/report/log_amia.log,0.8385023186222628,row_max_auc,AMIA
dropout_success,tabpfn,4,amia,4.2,ml_privacy_meter/logs/dropout_success/tabpfn/seed4/amia_ctx10/report/log_amia.log,0.8385023186222628,row_max_auc,AMIA
dropout_success,tabpfn,4,amia,6.8,ml_privacy_meter/logs/dropout_success/tabpfn/seed4/amia_ctx20/report/log_amia.log,0.8385023186222628,row_max_auc,AMIA
dropout_success,tabpfn,4,amia,9.9,ml_privacy_meter/logs/dropout_success/tabpfn/seed4/amia_ctx30/report/log_amia.log,0.8385023186222628,row_max_auc,AMIA
dropout_success,tabpfn,4,amia,14.0,ml_privacy_meter/logs/dropout_success/tabpfn/seed4/amia_ctx40/report/log_amia.log,0.8385023186222628,row_max_auc,AMIA
dropout_success,tabpfn,4,amia,3.5,ml_privacy_meter/logs/dropout_success/tabpfn/seed4/amia_ctx5/report/log_amia.log,0.8385023186222628,row_max_auc,AMIA
dropout_success,tabpfn,4,amia,21.3,ml_privacy_meter/logs/dropout_success/tabpfn/seed4/amia_ctx50/report/log_amia.log,0.8385023186222628,row_max_auc,AMIA
dropout_success,tabpfn,4,amia,40.0,ml_privacy_meter/logs/dropout_success/tabpfn/seed4/amia_ctx60/report/log_amia.log,0.8385023186222628,row_max_auc,AMIA
dropout_success,tabpfn,4,amia,51.1,ml_privacy_meter/logs/dropout_success/tabpfn/seed4/amia_ctx70/report/log_amia.log,0.8385023186222628,row_max_auc,AMIA
dropout_success,tabpfn,4,amia,65.4,ml_privacy_meter/logs/dropout_success/tabpfn/seed4/amia_ctx80/report/log_amia.log,0.8385023186222628,row_max_auc,AMIA
dropout_success,tabpfn,4,amia,81.2,ml_privacy_meter/logs/dropout_success/tabpfn/seed4/amia_ctx90/report/log_amia.log,0.8385023186222628,row_max_auc,AMIA
dropout_success,tabpfn,5,amia,99.5,ml_privacy_meter/logs/dropout_success/tabpfn/seed5/amia/report/log_amia.log,0.883392357103072,row_max_auc,AMIA
dropout_success,tabpfn,5,amia,4.2,ml_privacy_meter/logs/dropout_success/tabpfn/seed5/amia_ctx10/report/log_amia.log,0.883392357103072,row_max_auc,AMIA
dropout_success,tabpfn,5,amia,6.9,ml_privacy_meter/logs/dropout_success/tabpfn/seed5/amia_ctx20/report/log_amia.log,0.883392357103072,row_max_auc,AMIA
dropout_success,tabpfn,5,amia,10.0,ml_privacy_meter/logs/dropout_success/tabpfn/seed5/amia_ctx30/report/log_amia.log,0.883392357103072,row_max_auc,AMIA
dropout_success,tabpfn,5,amia,14.2,ml_privacy_meter/logs/dropout_success/tabpfn/seed5/amia_ctx40/report/log_amia.log,0.883392357103072,row_max_auc,AMIA
dropout_success,tabpfn,5,amia,3.4,ml_privacy_meter/logs/dropout_success/tabpfn/seed5/amia_ctx5/report/log_amia.log,0.883392357103072,row_max_auc,AMIA
dropout_success,tabpfn,5,amia,21.2,ml_privacy_meter/logs/dropout_success/tabpfn/seed5/amia_ctx50/report/log_amia.log,0.883392357103072,row_max_auc,AMIA
dropout_success,tabpfn,5,amia,40.1,ml_privacy_meter/logs/dropout_success/tabpfn/seed5/amia_ctx60/report/log_amia.log,0.883392357103072,row_max_auc,AMIA
dropout_success,tabpfn,5,amia,50.8,ml_privacy_meter/logs/dropout_success/tabpfn/seed5/amia_ctx70/report/log_amia.log,0.883392357103072,row_max_auc,AMIA
dropout_success,tabpfn,5,amia,65.4,ml_privacy_meter/logs/dropout_success/tabpfn/seed5/amia_ctx80/report/log_amia.log,0.883392357103072,row_max_auc,AMIA
dropout_success,tabpfn,5,amia,81.4,ml_privacy_meter/logs/dropout_success/tabpfn/seed5/amia_ctx90/report/log_amia.log,0.883392357103072,row_max_auc,AMIA
locations,real-tabpfn,1,amia,192.6,ml_privacy_meter/logs/locations/real-tabpfn/seed1/amia/report/log_amia.log,0.9472494787641972,row_max_auc,AMIA
locations,real-tabpfn,1,amia,6.1,ml_privacy_meter/logs/locations/real-tabpfn/seed1/amia_ctx10/report/log_amia.log,0.9472494787641972,row_max_auc,AMIA
locations,real-tabpfn,1,amia,10.5,ml_privacy_meter/logs/locations/real-tabpfn/seed1/amia_ctx20/report/log_amia.log,0.9472494787641972,row_max_auc,AMIA
locations,real-tabpfn,1,amia,16.4,ml_privacy_meter/logs/locations/real-tabpfn/seed1/amia_ctx30/report/log_amia.log,0.9472494787641972,row_max_auc,AMIA
locations,real-tabpfn,1,amia,24.4,ml_privacy_meter/logs/locations/real-tabpfn/seed1/amia_ctx40/report/log_amia.log,0.9472494787641972,row_max_auc,AMIA
locations,real-tabpfn,1,amia,4.4,ml_privacy_meter/logs/locations/real-tabpfn/seed1/amia_ctx5/report/log_amia.log,0.9472494787641972,row_max_auc,AMIA
locations,real-tabpfn,1,amia,34.1,ml_privacy_meter/logs/locations/real-tabpfn/seed1/amia_ctx50/report/log_amia.log,0.9472494787641972,row_max_auc,AMIA
locations,real-tabpfn,1,amia,48.4,ml_privacy_meter/logs/locations/real-tabpfn/seed1/amia_ctx60/report/log_amia.log,0.9472494787641972,row_max_auc,AMIA
locations,real-tabpfn,1,amia,63.8,ml_privacy_meter/logs/locations/real-tabpfn/seed1/amia_ctx70/report/log_amia.log,0.9472494787641972,row_max_auc,AMIA
locations,real-tabpfn,1,amia,79.6,ml_privacy_meter/logs/locations/real-tabpfn/seed1/amia_ctx80/report/log_amia.log,0.9472494787641972,row_max_auc,AMIA
locations,real-tabpfn,1,amia,95.4,ml_privacy_meter/logs/locations/real-tabpfn/seed1/amia_ctx90/report/log_amia.log,0.9472494787641972,row_max_auc,AMIA
locations,real-tabpfn,2,amia,193.1,ml_privacy_meter/logs/locations/real-tabpfn/seed2/amia/report/log_amia.log,0.9312576241367412,row_max_auc,AMIA
locations,real-tabpfn,2,amia,6.1,ml_privacy_meter/logs/locations/real-tabpfn/seed2/amia_ctx10/report/log_amia.log,0.9312576241367412,row_max_auc,AMIA
locations,real-tabpfn,2,amia,10.4,ml_privacy_meter/logs/locations/real-tabpfn/seed2/amia_ctx20/report/log_amia.log,0.9312576241367412,row_max_auc,AMIA
locations,real-tabpfn,2,amia,16.8,ml_privacy_meter/logs/locations/real-tabpfn/seed2/amia_ctx30/report/log_amia.log,0.9312576241367412,row_max_auc,AMIA
locations,real-tabpfn,2,amia,24.6,ml_privacy_meter/logs/locations/real-tabpfn/seed2/amia_ctx40/report/log_amia.log,0.9312576241367412,row_max_auc,AMIA
locations,real-tabpfn,2,amia,4.4,ml_privacy_meter/logs/locations/real-tabpfn/seed2/amia_ctx5/report/log_amia.log,0.9312576241367412,row_max_auc,AMIA
locations,real-tabpfn,2,amia,34.1,ml_privacy_meter/logs/locations/real-tabpfn/seed2/amia_ctx50/report/log_amia.log,0.9312576241367412,row_max_auc,AMIA
locations,real-tabpfn,2,amia,46.2,ml_privacy_meter/logs/locations/real-tabpfn/seed2/amia_ctx60/report/log_amia.log,0.9312576241367412,row_max_auc,AMIA
locations,real-tabpfn,2,amia,60.6,ml_privacy_meter/logs/locations/real-tabpfn/seed2/amia_ctx70/report/log_amia.log,0.9312576241367412,row_max_auc,AMIA
locations,real-tabpfn,2,amia,76.5,ml_privacy_meter/logs/locations/real-tabpfn/seed2/amia_ctx80/report/log_amia.log,0.9312576241367412,row_max_auc,AMIA
locations,real-tabpfn,2,amia,96.0,ml_privacy_meter/logs/locations/real-tabpfn/seed2/amia_ctx90/report/log_amia.log,0.9312576241367412,row_max_auc,AMIA
locations,real-tabpfn,3,amia,191.2,ml_privacy_meter/logs/locations/real-tabpfn/seed3/amia/report/log_amia.log,0.9494194721059872,row_max_auc,AMIA
locations,real-tabpfn,3,amia,6.0,ml_privacy_meter/logs/locations/real-tabpfn/seed3/amia_ctx10/report/log_amia.log,0.9494194721059872,row_max_auc,AMIA
locations,real-tabpfn,3,amia,10.4,ml_privacy_meter/logs/locations/real-tabpfn/seed3/amia_ctx20/report/log_amia.log,0.9494194721059872,row_max_auc,AMIA
locations,real-tabpfn,3,amia,16.5,ml_privacy_meter/logs/locations/real-tabpfn/seed3/amia_ctx30/report/log_amia.log,0.9494194721059872,row_max_auc,AMIA
locations,real-tabpfn,3,amia,24.4,ml_privacy_meter/logs/locations/real-tabpfn/seed3/amia_ctx40/report/log_amia.log,0.9494194721059872,row_max_auc,AMIA
locations,real-tabpfn,3,amia,4.5,ml_privacy_meter/logs/locations/real-tabpfn/seed3/amia_ctx5/report/log_amia.log,0.9494194721059872,row_max_auc,AMIA
locations,real-tabpfn,3,amia,34.1,ml_privacy_meter/logs/locations/real-tabpfn/seed3/amia_ctx50/report/log_amia.log,0.9494194721059872,row_max_auc,AMIA
locations,real-tabpfn,3,amia,46.3,ml_privacy_meter/logs/locations/real-tabpfn/seed3/amia_ctx60/report/log_amia.log,0.9494194721059872,row_max_auc,AMIA
locations,real-tabpfn,3,amia,60.6,ml_privacy_meter/logs/locations/real-tabpfn/seed3/amia_ctx70/report/log_amia.log,0.9494194721059872,row_max_auc,AMIA
locations,real-tabpfn,3,amia,76.4,ml_privacy_meter/logs/locations/real-tabpfn/seed3/amia_ctx80/report/log_amia.log,0.9494194721059872,row_max_auc,AMIA
locations,real-tabpfn,3,amia,94.7,ml_privacy_meter/logs/locations/real-tabpfn/seed3/amia_ctx90/report/log_amia.log,0.9494194721059872,row_max_auc,AMIA
locations,real-tabpfn,4,amia,192.8,ml_privacy_meter/logs/locations/real-tabpfn/seed4/amia/report/log_amia.log,0.9382876249629424,row_max_auc,AMIA
locations,real-tabpfn,4,amia,5.7,ml_privacy_meter/logs/locations/real-tabpfn/seed4/amia_ctx10/report/log_amia.log,0.9382876249629424,row_max_auc,AMIA
locations,real-tabpfn,4,amia,10.3,ml_privacy_meter/logs/locations/real-tabpfn/seed4/amia_ctx20/report/log_amia.log,0.9382876249629424,row_max_auc,AMIA
locations,real-tabpfn,4,amia,16.3,ml_privacy_meter/logs/locations/real-tabpfn/seed4/amia_ctx30/report/log_amia.log,0.9382876249629424,row_max_auc,AMIA
locations,real-tabpfn,4,amia,24.4,ml_privacy_meter/logs/locations/real-tabpfn/seed4/amia_ctx40/report/log_amia.log,0.9382876249629424,row_max_auc,AMIA
locations,real-tabpfn,4,amia,4.4,ml_privacy_meter/logs/locations/real-tabpfn/seed4/amia_ctx5/report/log_amia.log,0.9382876249629424,row_max_auc,AMIA
locations,real-tabpfn,4,amia,35.4,ml_privacy_meter/logs/locations/real-tabpfn/seed4/amia_ctx50/report/log_amia.log,0.9382876249629424,row_max_auc,AMIA
locations,real-tabpfn,4,amia,46.7,ml_privacy_meter/logs/locations/real-tabpfn/seed4/amia_ctx60/report/log_amia.log,0.9382876249629424,row_max_auc,AMIA
locations,real-tabpfn,4,amia,60.8,ml_privacy_meter/logs/locations/real-tabpfn/seed4/amia_ctx70/report/log_amia.log,0.9382876249629424,row_max_auc,AMIA
locations,real-tabpfn,4,amia,77.0,ml_privacy_meter/logs/locations/real-tabpfn/seed4/amia_ctx80/report/log_amia.log,0.9382876249629424,row_max_auc,AMIA
locations,real-tabpfn,4,amia,95.8,ml_privacy_meter/logs/locations/real-tabpfn/seed4/amia_ctx90/report/log_amia.log,0.9382876249629424,row_max_auc,AMIA
locations,real-tabpfn,5,amia,189.5,ml_privacy_meter/logs/locations/real-tabpfn/seed5/amia/report/log_amia.log,0.9168525619529454,row_max_auc,AMIA
locations,real-tabpfn,5,amia,6.0,ml_privacy_meter/logs/locations/real-tabpfn/seed5/amia_ctx10/report/log_amia.log,0.9168525619529454,row_max_auc,AMIA
locations,real-tabpfn,5,amia,10.2,ml_privacy_meter/logs/locations/real-tabpfn/seed5/amia_ctx20/report/log_amia.log,0.9168525619529454,row_max_auc,AMIA
locations,real-tabpfn,5,amia,16.4,ml_privacy_meter/logs/locations/real-tabpfn/seed5/amia_ctx30/report/log_amia.log,0.9168525619529454,row_max_auc,AMIA
locations,real-tabpfn,5,amia,24.9,ml_privacy_meter/logs/locations/real-tabpfn/seed5/amia_ctx40/report/log_amia.log,0.9168525619529454,row_max_auc,AMIA
locations,real-tabpfn,5,amia,4.2,ml_privacy_meter/logs/locations/real-tabpfn/seed5/amia_ctx5/report/log_amia.log,0.9168525619529454,row_max_auc,AMIA
locations,real-tabpfn,5,amia,34.3,ml_privacy_meter/logs/locations/real-tabpfn/seed5/amia_ctx50/report/log_amia.log,0.9168525619529454,row_max_auc,AMIA
locations,real-tabpfn,5,amia,46.5,ml_privacy_meter/logs/locations/real-tabpfn/seed5/amia_ctx60/report/log_amia.log,0.9168525619529454,row_max_auc,AMIA
locations,real-tabpfn,5,amia,61.8,ml_privacy_meter/logs/locations/real-tabpfn/seed5/amia_ctx70/report/log_amia.log,0.9168525619529454,row_max_auc,AMIA
locations,real-tabpfn,5,amia,76.0,ml_privacy_meter/logs/locations/real-tabpfn/seed5/amia_ctx80/report/log_amia.log,0.9168525619529454,row_max_auc,AMIA
locations,real-tabpfn,5,amia,96.5,ml_privacy_meter/logs/locations/real-tabpfn/seed5/amia_ctx90/report/log_amia.log,0.9168525619529454,row_max_auc,AMIA
locations,tabdpt,1,amia,10.9,ml_privacy_meter/logs/locations/tabdpt/seed1/amia/report/log_amia.log,1.0,row_max_auc,AMIA
locations,tabdpt,1,amia,6.1,ml_privacy_meter/logs/locations/tabdpt/seed1/amia_ctx10/report/log_amia.log,1.0,row_max_auc,AMIA
locations,tabdpt,1,amia,6.9,ml_privacy_meter/logs/locations/tabdpt/seed1/amia_ctx20/report/log_amia.log,1.0,row_max_auc,AMIA
locations,tabdpt,1,amia,6.8,ml_privacy_meter/logs/locations/tabdpt/seed1/amia_ctx30/report/log_amia.log,1.0,row_max_auc,AMIA
locations,tabdpt,1,amia,7.3,ml_privacy_meter/logs/locations/tabdpt/seed1/amia_ctx40/report/log_amia.log,1.0,row_max_auc,AMIA
locations,tabdpt,1,amia,5.9,ml_privacy_meter/logs/locations/tabdpt/seed1/amia_ctx5/report/log_amia.log,1.0,row_max_auc,AMIA
locations,tabdpt,1,amia,7.9,ml_privacy_meter/logs/locations/tabdpt/seed1/amia_ctx50/report/log_amia.log,1.0,row_max_auc,AMIA
locations,tabdpt,1,amia,8.2,ml_privacy_meter/logs/locations/tabdpt/seed1/amia_ctx60/report/log_amia.log,1.0,row_max_auc,AMIA
locations,tabdpt,1,amia,8.7,ml_privacy_meter/logs/locations/tabdpt/seed1/amia_ctx70/report/log_amia.log,1.0,row_max_auc,AMIA
locations,tabdpt,1,amia,9.3,ml_privacy_meter/logs/locations/tabdpt/seed1/amia_ctx80/report/log_amia.log,1.0,row_max_auc,AMIA
locations,tabdpt,1,amia,9.6,ml_privacy_meter/logs/locations/tabdpt/seed1/amia_ctx90/report/log_amia.log,1.0,row_max_auc,AMIA
locations,tabdpt,2,amia,10.8,ml_privacy_meter/logs/locations/tabdpt/seed2/amia/report/log_amia.log,0.999997569996258,row_max_auc,AMIA
locations,tabdpt,2,amia,6.2,ml_privacy_meter/logs/locations/tabdpt/seed2/amia_ctx10/report/log_amia.log,0.999997569996258,row_max_auc,AMIA
locations,tabdpt,2,amia,6.6,ml_privacy_meter/logs/locations/tabdpt/seed2/amia_ctx20/report/log_amia.log,0.999997569996258,row_max_auc,AMIA
locations,tabdpt,2,amia,6.9,ml_privacy_meter/logs/locations/tabdpt/seed2/amia_ctx30/report/log_amia.log,0.999997569996258,row_max_auc,AMIA
locations,tabdpt,2,amia,7.3,ml_privacy_meter/logs/locations/tabdpt/seed2/amia_ctx40/report/log_amia.log,0.999997569996258,row_max_auc,AMIA
locations,tabdpt,2,amia,5.9,ml_privacy_meter/logs/locations/tabdpt/seed2/amia_ctx5/report/log_amia.log,0.999997569996258,row_max_auc,AMIA
locations,tabdpt,2,amia,7.8,ml_privacy_meter/logs/locations/tabdpt/seed2/amia_ctx50/report/log_amia.log,0.999997569996258,row_max_auc,AMIA
locations,tabdpt,2,amia,8.1,ml_privacy_meter/logs/locations/tabdpt/seed2/amia_ctx60/report/log_amia.log,0.999997569996258,row_max_auc,AMIA
locations,tabdpt,2,amia,8.7,ml_privacy_meter/logs/locations/tabdpt/seed2/amia_ctx70/report/log_amia.log,0.999997569996258,row_max_auc,AMIA
locations,tabdpt,2,amia,9.3,ml_privacy_meter/logs/locations/tabdpt/seed2/amia_ctx80/report/log_amia.log,0.999997569996258,row_max_auc,AMIA
locations,tabdpt,2,amia,9.7,ml_privacy_meter/logs/locations/tabdpt/seed2/amia_ctx90/report/log_amia.log,0.999997569996258,row_max_auc,AMIA
locations,tabdpt,3,amia,11.0,ml_privacy_meter/logs/locations/tabdpt/seed3/amia/report/log_amia.log,1.0,row_max_auc,AMIA
locations,tabdpt,3,amia,6.0,ml_privacy_meter/logs/locations/tabdpt/seed3/amia_ctx10/report/log_amia.log,1.0,row_max_auc,AMIA
locations,tabdpt,3,amia,6.5,ml_privacy_meter/logs/locations/tabdpt/seed3/amia_ctx20/report/log_amia.log,1.0,row_max_auc,AMIA
locations,tabdpt,3,amia,6.8,ml_privacy_meter/logs/locations/tabdpt/seed3/amia_ctx30/report/log_amia.log,1.0,row_max_auc,AMIA
locations,tabdpt,3,amia,7.3,ml_privacy_meter/logs/locations/tabdpt/seed3/amia_ctx40/report/log_amia.log,1.0,row_max_auc,AMIA
locations,tabdpt,3,amia,5.9,ml_privacy_meter/logs/locations/tabdpt/seed3/amia_ctx5/report/log_amia.log,1.0,row_max_auc,AMIA
locations,tabdpt,3,amia,7.9,ml_privacy_meter/logs/locations/tabdpt/seed3/amia_ctx50/report/log_amia.log,1.0,row_max_auc,AMIA
locations,tabdpt,3,amia,8.1,ml_privacy_meter/logs/locations/tabdpt/seed3/amia_ctx60/report/log_amia.log,1.0,row_max_auc,AMIA
locations,tabdpt,3,amia,8.7,ml_privacy_meter/logs/locations/tabdpt/seed3/amia_ctx70/report/log_amia.log,1.0,row_max_auc,AMIA
locations,tabdpt,3,amia,9.3,ml_privacy_meter/logs/locations/tabdpt/seed3/amia_ctx80/report/log_amia.log,1.0,row_max_auc,AMIA
locations,tabdpt,3,amia,9.7,ml_privacy_meter/logs/locations/tabdpt/seed3/amia_ctx90/report/log_amia.log,1.0,row_max_auc,AMIA
locations,tabdpt,4,amia,11.2,ml_privacy_meter/logs/locations/tabdpt/seed4/amia/report/log_amia.log,1.0,row_max_auc,AMIA
locations,tabdpt,4,amia,6.0,ml_privacy_meter/logs/locations/tabdpt/seed4/amia_ctx10/report/log_amia.log,1.0,row_max_auc,AMIA
locations,tabdpt,4,amia,6.5,ml_privacy_meter/logs/locations/tabdpt/seed4/amia_ctx20/report/log_amia.log,1.0,row_max_auc,AMIA
locations,tabdpt,4,amia,6.8,ml_privacy_meter/logs/locations/tabdpt/seed4/amia_ctx30/report/log_amia.log,1.0,row_max_auc,AMIA
locations,tabdpt,4,amia,7.3,ml_privacy_meter/logs/locations/tabdpt/seed4/amia_ctx40/report/log_amia.log,1.0,row_max_auc,AMIA
locations,tabdpt,4,amia,5.9,ml_privacy_meter/logs/locations/tabdpt/seed4/amia_ctx5/report/log_amia.log,1.0,row_max_auc,AMIA
locations,tabdpt,4,amia,8.0,ml_privacy_meter/logs/locations/tabdpt/seed4/amia_ctx50/report/log_amia.log,1.0,row_max_auc,AMIA
locations,tabdpt,4,amia,8.1,ml_privacy_meter/logs/locations/tabdpt/seed4/amia_ctx60/report/log_amia.log,1.0,row_max_auc,AMIA
locations,tabdpt,4,amia,8.9,ml_privacy_meter/logs/locations/tabdpt/seed4/amia_ctx70/report/log_amia.log,1.0,row_max_auc,AMIA
locations,tabdpt,4,amia,9.3,ml_privacy_meter/logs/locations/tabdpt/seed4/amia_ctx80/report/log_amia.log,1.0,row_max_auc,AMIA
locations,tabdpt,4,amia,9.7,ml_privacy_meter/logs/locations/tabdpt/seed4/amia_ctx90/report/log_amia.log,1.0,row_max_auc,AMIA
locations,tabdpt,5,amia,11.0,ml_privacy_meter/logs/locations/tabdpt/seed5/amia/report/log_amia.log,1.0,row_max_auc,AMIA
locations,tabdpt,5,amia,6.1,ml_privacy_meter/logs/locations/tabdpt/seed5/amia_ctx10/report/log_amia.log,1.0,row_max_auc,AMIA
locations,tabdpt,5,amia,6.4,ml_privacy_meter/logs/locations/tabdpt/seed5/amia_ctx20/report/log_amia.log,1.0,row_max_auc,AMIA
locations,tabdpt,5,amia,6.9,ml_privacy_meter/logs/locations/tabdpt/seed5/amia_ctx30/report/log_amia.log,1.0,row_max_auc,AMIA
locations,tabdpt,5,amia,7.4,ml_privacy_meter/logs/locations/tabdpt/seed5/amia_ctx40/report/log_amia.log,1.0,row_max_auc,AMIA
locations,tabdpt,5,amia,5.9,ml_privacy_meter/logs/locations/tabdpt/seed5/amia_ctx5/report/log_amia.log,1.0,row_max_auc,AMIA
locations,tabdpt,5,amia,7.8,ml_privacy_meter/logs/locations/tabdpt/seed5/amia_ctx50/report/log_amia.log,1.0,row_max_auc,AMIA
locations,tabdpt,5,amia,8.2,ml_privacy_meter/logs/locations/tabdpt/seed5/amia_ctx60/report/log_amia.log,1.0,row_max_auc,AMIA
locations,tabdpt,5,amia,8.7,ml_privacy_meter/logs/locations/tabdpt/seed5/amia_ctx70/report/log_amia.log,1.0,row_max_auc,AMIA
locations,tabdpt,5,amia,9.3,ml_privacy_meter/logs/locations/tabdpt/seed5/amia_ctx80/report/log_amia.log,1.0,row_max_auc,AMIA
locations,tabdpt,5,amia,9.6,ml_privacy_meter/logs/locations/tabdpt/seed5/amia_ctx90/report/log_amia.log,1.0,row_max_auc,AMIA
locations,tabicl,1,amia,19.9,ml_privacy_meter/logs/locations/tabicl/seed1/amia/report/log_amia.log,0.9983475974553,row_max_auc,AMIA
locations,tabicl,1,amia,4.0,ml_privacy_meter/logs/locations/tabicl/seed1/amia_ctx10/report/log_amia.log,0.9983475974553,row_max_auc,AMIA
locations,tabicl,1,amia,11.1,ml_privacy_meter/logs/locations/tabicl/seed1/amia_ctx20/report/log_amia.log,0.9983475974553,row_max_auc,AMIA
locations,tabicl,1,amia,5.5,ml_privacy_meter/logs/locations/tabicl/seed1/amia_ctx30/report/log_amia.log,0.9983475974553,row_max_auc,AMIA
locations,tabicl,1,amia,6.5,ml_privacy_meter/logs/locations/tabicl/seed1/amia_ctx40/report/log_amia.log,0.9983475974553,row_max_auc,AMIA
locations,tabicl,1,amia,3.8,ml_privacy_meter/logs/locations/tabicl/seed1/amia_ctx5/report/log_amia.log,0.9983475974553,row_max_auc,AMIA
locations,tabicl,1,amia,7.8,ml_privacy_meter/logs/locations/tabicl/seed1/amia_ctx50/report/log_amia.log,0.9983475974553,row_max_auc,AMIA
locations,tabicl,1,amia,8.6,ml_privacy_meter/logs/locations/tabicl/seed1/amia_ctx60/report/log_amia.log,0.9983475974553,row_max_auc,AMIA
locations,tabicl,1,amia,10.5,ml_privacy_meter/logs/locations/tabicl/seed1/amia_ctx70/report/log_amia.log,0.9983475974553,row_max_auc,AMIA
locations,tabicl,1,amia,12.3,ml_privacy_meter/logs/locations/tabicl/seed1/amia_ctx80/report/log_amia.log,0.9983475974553,row_max_auc,AMIA
locations,tabicl,1,amia,14.2,ml_privacy_meter/logs/locations/tabicl/seed1/amia_ctx90/report/log_amia.log,0.9983475974553,row_max_auc,AMIA
locations,tabicl,2,amia,19.9,ml_privacy_meter/logs/locations/tabicl/seed2/amia/report/log_amia.log,0.9982212372607054,row_max_auc,AMIA
locations,tabicl,2,amia,4.0,ml_privacy_meter/logs/locations/tabicl/seed2/amia_ctx10/report/log_amia.log,0.9982212372607054,row_max_auc,AMIA
locations,tabicl,2,amia,11.1,ml_privacy_meter/logs/locations/tabicl/seed2/amia_ctx20/report/log_amia.log,0.9982212372607054,row_max_auc,AMIA
locations,tabicl,2,amia,5.4,ml_privacy_meter/logs/locations/tabicl/seed2/amia_ctx30/report/log_amia.log,0.9982212372607054,row_max_auc,AMIA
locations,tabicl,2,amia,7.1,ml_privacy_meter/logs/locations/tabicl/seed2/amia_ctx40/report/log_amia.log,0.9982212372607054,row_max_auc,AMIA
locations,tabicl,2,amia,3.8,ml_privacy_meter/logs/locations/tabicl/seed2/amia_ctx5/report/log_amia.log,0.9982212372607054,row_max_auc,AMIA
locations,tabicl,2,amia,8.3,ml_privacy_meter/logs/locations/tabicl/seed2/amia_ctx50/report/log_amia.log,0.9982212372607054,row_max_auc,AMIA
locations,tabicl,2,amia,8.7,ml_privacy_meter/logs/locations/tabicl/seed2/amia_ctx60/report/log_amia.log,0.9982212372607054,row_max_auc,AMIA
locations,tabicl,2,amia,10.9,ml_privacy_meter/logs/locations/tabicl/seed2/amia_ctx70/report/log_amia.log,0.9982212372607054,row_max_auc,AMIA
locations,tabicl,2,amia,12.3,ml_privacy_meter/logs/locations/tabicl/seed2/amia_ctx80/report/log_amia.log,0.9982212372607054,row_max_auc,AMIA
locations,tabicl,2,amia,13.8,ml_privacy_meter/logs/locations/tabicl/seed2/amia_ctx90/report/log_amia.log,0.9982212372607054,row_max_auc,AMIA
locations,tabicl,3,amia,19.1,ml_privacy_meter/logs/locations/tabicl/seed3/amia/report/log_amia.log,0.9967316449667332,row_max_auc,AMIA
locations,tabicl,3,amia,4.1,ml_privacy_meter/logs/locations/tabicl/seed3/amia_ctx10/report/log_amia.log,0.9967316449667332,row_max_auc,AMIA
locations,tabicl,3,amia,11.2,ml_privacy_meter/logs/locations/tabicl/seed3/amia_ctx20/report/log_amia.log,0.9967316449667332,row_max_auc,AMIA
locations,tabicl,3,amia,5.4,ml_privacy_meter/logs/locations/tabicl/seed3/amia_ctx30/report/log_amia.log,0.9967316449667332,row_max_auc,AMIA
locations,tabicl,3,amia,6.5,ml_privacy_meter/logs/locations/tabicl/seed3/amia_ctx40/report/log_amia.log,0.9967316449667332,row_max_auc,AMIA
locations,tabicl,3,amia,3.7,ml_privacy_meter/logs/locations/tabicl/seed3/amia_ctx5/report/log_amia.log,0.9967316449667332,row_max_auc,AMIA
locations,tabicl,3,amia,7.8,ml_privacy_meter/logs/locations/tabicl/seed3/amia_ctx50/report/log_amia.log,0.9967316449667332,row_max_auc,AMIA
locations,tabicl,3,amia,8.9,ml_privacy_meter/logs/locations/tabicl/seed3/amia_ctx60/report/log_amia.log,0.9967316449667332,row_max_auc,AMIA
locations,tabicl,3,amia,10.4,ml_privacy_meter/logs/locations/tabicl/seed3/amia_ctx70/report/log_amia.log,0.9967316449667332,row_max_auc,AMIA
locations,tabicl,3,amia,12.8,ml_privacy_meter/logs/locations/tabicl/seed3/amia_ctx80/report/log_amia.log,0.9967316449667332,row_max_auc,AMIA
locations,tabicl,3,amia,13.5,ml_privacy_meter/logs/locations/tabicl/seed3/amia_ctx90/report/log_amia.log,0.9967316449667332,row_max_auc,AMIA
locations,tabicl,4,amia,18.0,ml_privacy_meter/logs/locations/tabicl/seed4/amia/report/log_amia.log,0.9992928689110182,row_max_auc,AMIA
locations,tabicl,4,amia,4.0,ml_privacy_meter/logs/locations/tabicl/seed4/amia_ctx10/report/log_amia.log,0.9992928689110182,row_max_auc,AMIA
locations,tabicl,4,amia,11.2,ml_privacy_meter/logs/locations/tabicl/seed4/amia_ctx20/report/log_amia.log,0.9992928689110182,row_max_auc,AMIA
locations,tabicl,4,amia,5.4,ml_privacy_meter/logs/locations/tabicl/seed4/amia_ctx30/report/log_amia.log,0.9992928689110182,row_max_auc,AMIA
locations,tabicl,4,amia,6.4,ml_privacy_meter/logs/locations/tabicl/seed4/amia_ctx40/report/log_amia.log,0.9992928689110182,row_max_auc,AMIA
locations,tabicl,4,amia,3.8,ml_privacy_meter/logs/locations/tabicl/seed4/amia_ctx5/report/log_amia.log,0.9992928689110182,row_max_auc,AMIA
locations,tabicl,4,amia,7.8,ml_privacy_meter/logs/locations/tabicl/seed4/amia_ctx50/report/log_amia.log,0.9992928689110182,row_max_auc,AMIA
locations,tabicl,4,amia,8.6,ml_privacy_meter/logs/locations/tabicl/seed4/amia_ctx60/report/log_amia.log,0.9992928689110182,row_max_auc,AMIA
locations,tabicl,4,amia,10.9,ml_privacy_meter/logs/locations/tabicl/seed4/amia_ctx70/report/log_amia.log,0.9992928689110182,row_max_auc,AMIA
locations,tabicl,4,amia,12.3,ml_privacy_meter/logs/locations/tabicl/seed4/amia_ctx80/report/log_amia.log,0.9992928689110182,row_max_auc,AMIA
locations,tabicl,4,amia,13.5,ml_privacy_meter/logs/locations/tabicl/seed4/amia_ctx90/report/log_amia.log,0.9992928689110182,row_max_auc,AMIA
locations,tabicl,5,amia,18.8,ml_privacy_meter/logs/locations/tabicl/seed5/amia/report/log_amia.log,0.9977643965571708,row_max_auc,AMIA
locations,tabicl,5,amia,4.4,ml_privacy_meter/logs/locations/tabicl/seed5/amia_ctx10/report/log_amia.log,0.9977643965571708,row_max_auc,AMIA
locations,tabicl,5,amia,11.2,ml_privacy_meter/logs/locations/tabicl/seed5/amia_ctx20/report/log_amia.log,0.9977643965571708,row_max_auc,AMIA
locations,tabicl,5,amia,5.4,ml_privacy_meter/logs/locations/tabicl/seed5/amia_ctx30/report/log_amia.log,0.9977643965571708,row_max_auc,AMIA
locations,tabicl,5,amia,6.4,ml_privacy_meter/logs/locations/tabicl/seed5/amia_ctx40/report/log_amia.log,0.9977643965571708,row_max_auc,AMIA
locations,tabicl,5,amia,3.8,ml_privacy_meter/logs/locations/tabicl/seed5/amia_ctx5/report/log_amia.log,0.9977643965571708,row_max_auc,AMIA
locations,tabicl,5,amia,7.8,ml_privacy_meter/logs/locations/tabicl/seed5/amia_ctx50/report/log_amia.log,0.9977643965571708,row_max_auc,AMIA
locations,tabicl,5,amia,8.6,ml_privacy_meter/logs/locations/tabicl/seed5/amia_ctx60/report/log_amia.log,0.9977643965571708,row_max_auc,AMIA
locations,tabicl,5,amia,10.5,ml_privacy_meter/logs/locations/tabicl/seed5/amia_ctx70/report/log_amia.log,0.9977643965571708,row_max_auc,AMIA
locations,tabicl,5,amia,12.3,ml_privacy_meter/logs/locations/tabicl/seed5/amia_ctx80/report/log_amia.log,0.9977643965571708,row_max_auc,AMIA
locations,tabicl,5,amia,13.5,ml_privacy_meter/logs/locations/tabicl/seed5/amia_ctx90/report/log_amia.log,0.9977643965571708,row_max_auc,AMIA
locations,tabpfn,1,amia,194.5,ml_privacy_meter/logs/locations/tabpfn/seed1/amia/report/log_amia.log,0.941162319389972,row_max_auc,AMIA
locations,tabpfn,1,amia,6.0,ml_privacy_meter/logs/locations/tabpfn/seed1/amia_ctx10/report/log_amia.log,0.941162319389972,row_max_auc,AMIA
locations,tabpfn,1,amia,16.3,ml_privacy_meter/logs/locations/tabpfn/seed1/amia_ctx30/report/log_amia.log,0.941162319389972,row_max_auc,AMIA
locations,tabpfn,1,amia,24.6,ml_privacy_meter/logs/locations/tabpfn/seed1/amia_ctx40/report/log_amia.log,0.941162319389972,row_max_auc,AMIA
locations,tabpfn,1,amia,4.4,ml_privacy_meter/logs/locations/tabpfn/seed1/amia_ctx5/report/log_amia.log,0.941162319389972,row_max_auc,AMIA
locations,tabpfn,1,amia,34.2,ml_privacy_meter/logs/locations/tabpfn/seed1/amia_ctx50/report/log_amia.log,0.941162319389972,row_max_auc,AMIA
locations,tabpfn,1,amia,46.1,ml_privacy_meter/logs/locations/tabpfn/seed1/amia_ctx60/report/log_amia.log,0.941162319389972,row_max_auc,AMIA
locations,tabpfn,1,amia,60.8,ml_privacy_meter/logs/locations/tabpfn/seed1/amia_ctx70/report/log_amia.log,0.941162319389972,row_max_auc,AMIA
locations,tabpfn,1,amia,76.9,ml_privacy_meter/logs/locations/tabpfn/seed1/amia_ctx80/report/log_amia.log,0.941162319389972,row_max_auc,AMIA
locations,tabpfn,1,amia,95.8,ml_privacy_meter/logs/locations/tabpfn/seed1/amia_ctx90/report/log_amia.log,0.941162319389972,row_max_auc,AMIA
locations,tabpfn,2,amia,191.3,ml_privacy_meter/logs/locations/tabpfn/seed2/amia/report/log_amia.log,0.9291532408959908,row_max_auc,AMIA
locations,tabpfn,2,amia,5.9,ml_privacy_meter/logs/locations/tabpfn/seed2/amia_ctx10/report/log_amia.log,0.9291532408959908,row_max_auc,AMIA
locations,tabpfn,2,amia,10.4,ml_privacy_meter/logs/locations/tabpfn/seed2/amia_ctx20/report/log_amia.log,0.9291532408959908,row_max_auc,AMIA
locations,tabpfn,2,amia,16.4,ml_privacy_meter/logs/locations/tabpfn/seed2/amia_ctx30/report/log_amia.log,0.9291532408959908,row_max_auc,AMIA
locations,tabpfn,2,amia,24.7,ml_privacy_meter/logs/locations/tabpfn/seed2/amia_ctx40/report/log_amia.log,0.9291532408959908,row_max_auc,AMIA
locations,tabpfn,2,amia,4.4,ml_privacy_meter/logs/locations/tabpfn/seed2/amia_ctx5/report/log_amia.log,0.9291532408959908,row_max_auc,AMIA
locations,tabpfn,2,amia,34.3,ml_privacy_meter/logs/locations/tabpfn/seed2/amia_ctx50/report/log_amia.log,0.9291532408959908,row_max_auc,AMIA
locations,tabpfn,2,amia,46.8,ml_privacy_meter/logs/locations/tabpfn/seed2/amia_ctx60/report/log_amia.log,0.9291532408959908,row_max_auc,AMIA
locations,tabpfn,2,amia,62.9,ml_privacy_meter/logs/locations/tabpfn/seed2/amia_ctx70/report/log_amia.log,0.9291532408959908,row_max_auc,AMIA
locations,tabpfn,2,amia,77.3,ml_privacy_meter/logs/locations/tabpfn/seed2/amia_ctx80/report/log_amia.log,0.9291532408959908,row_max_auc,AMIA
locations,tabpfn,2,amia,96.8,ml_privacy_meter/logs/locations/tabpfn/seed2/amia_ctx90/report/log_amia.log,0.9291532408959908,row_max_auc,AMIA
locations,tabpfn,3,amia,192.7,ml_privacy_meter/logs/locations/tabpfn/seed3/amia/report/log_amia.log,0.941349429678122,row_max_auc,AMIA
locations,tabpfn,3,amia,5.8,ml_privacy_meter/logs/locations/tabpfn/seed3/amia_ctx10/report/log_amia.log,0.941349429678122,row_max_auc,AMIA
locations,tabpfn,3,amia,10.5,ml_privacy_meter/logs/locations/tabpfn/seed3/amia_ctx20/report/log_amia.log,0.941349429678122,row_max_auc,AMIA
locations,tabpfn,3,amia,16.3,ml_privacy_meter/logs/locations/tabpfn/seed3/amia_ctx30/report/log_amia.log,0.941349429678122,row_max_auc,AMIA
locations,tabpfn,3,amia,24.5,ml_privacy_meter/logs/locations/tabpfn/seed3/amia_ctx40/report/log_amia.log,0.941349429678122,row_max_auc,AMIA
locations,tabpfn,3,amia,4.3,ml_privacy_meter/logs/locations/tabpfn/seed3/amia_ctx5/report/log_amia.log,0.941349429678122,row_max_auc,AMIA
locations,tabpfn,3,amia,34.2,ml_privacy_meter/logs/locations/tabpfn/seed3/amia_ctx50/report/log_amia.log,0.941349429678122,row_max_auc,AMIA
locations,tabpfn,3,amia,46.1,ml_privacy_meter/logs/locations/tabpfn/seed3/amia_ctx60/report/log_amia.log,0.941349429678122,row_max_auc,AMIA
locations,tabpfn,3,amia,60.4,ml_privacy_meter/logs/locations/tabpfn/seed3/amia_ctx70/report/log_amia.log,0.941349429678122,row_max_auc,AMIA
locations,tabpfn,3,amia,80.1,ml_privacy_meter/logs/locations/tabpfn/seed3/amia_ctx80/report/log_amia.log,0.941349429678122,row_max_auc,AMIA
locations,tabpfn,3,amia,98.8,ml_privacy_meter/logs/locations/tabpfn/seed3/amia_ctx90/report/log_amia.log,0.941349429678122,row_max_auc,AMIA
locations,tabpfn,4,amia,189.9,ml_privacy_meter/logs/locations/tabpfn/seed4/amia/report/log_amia.log,0.9382390248880984,row_max_auc,AMIA
locations,tabpfn,4,amia,6.2,ml_privacy_meter/logs/locations/tabpfn/seed4/amia_ctx10/report/log_amia.log,0.9382390248880984,row_max_auc,AMIA
locations,tabpfn,4,amia,10.1,ml_privacy_meter/logs/locations/tabpfn/seed4/amia_ctx20/report/log_amia.log,0.9382390248880984,row_max_auc,AMIA
locations,tabpfn,4,amia,16.4,ml_privacy_meter/logs/locations/tabpfn/seed4/amia_ctx30/report/log_amia.log,0.9382390248880984,row_max_auc,AMIA
locations,tabpfn,4,amia,24.7,ml_privacy_meter/logs/locations/tabpfn/seed4/amia_ctx40/report/log_amia.log,0.9382390248880984,row_max_auc,AMIA
locations,tabpfn,4,amia,4.4,ml_privacy_meter/logs/locations/tabpfn/seed4/amia_ctx5/report/log_amia.log,0.9382390248880984,row_max_auc,AMIA
locations,tabpfn,4,amia,34.4,ml_privacy_meter/logs/locations/tabpfn/seed4/amia_ctx50/report/log_amia.log,0.9382390248880984,row_max_auc,AMIA
locations,tabpfn,4,amia,46.1,ml_privacy_meter/logs/locations/tabpfn/seed4/amia_ctx60/report/log_amia.log,0.9382390248880984,row_max_auc,AMIA
locations,tabpfn,4,amia,60.4,ml_privacy_meter/logs/locations/tabpfn/seed4/amia_ctx70/report/log_amia.log,0.9382390248880984,row_max_auc,AMIA
locations,tabpfn,4,amia,76.5,ml_privacy_meter/logs/locations/tabpfn/seed4/amia_ctx80/report/log_amia.log,0.9382390248880984,row_max_auc,AMIA
locations,tabpfn,4,amia,95.1,ml_privacy_meter/logs/locations/tabpfn/seed4/amia_ctx90/report/log_amia.log,0.9382390248880984,row_max_auc,AMIA
locations,tabpfn,5,amia,194.1,ml_privacy_meter/logs/locations/tabpfn/seed5/amia/report/log_amia.log,0.920497567566254,row_max_auc,AMIA
locations,tabpfn,5,amia,5.7,ml_privacy_meter/logs/locations/tabpfn/seed5/amia_ctx10/report/log_amia.log,0.920497567566254,row_max_auc,AMIA
locations,tabpfn,5,amia,10.4,ml_privacy_meter/logs/locations/tabpfn/seed5/amia_ctx20/report/log_amia.log,0.920497567566254,row_max_auc,AMIA
locations,tabpfn,5,amia,16.0,ml_privacy_meter/logs/locations/tabpfn/seed5/amia_ctx30/report/log_amia.log,0.920497567566254,row_max_auc,AMIA
locations,tabpfn,5,amia,24.5,ml_privacy_meter/logs/locations/tabpfn/seed5/amia_ctx40/report/log_amia.log,0.920497567566254,row_max_auc,AMIA
locations,tabpfn,5,amia,4.3,ml_privacy_meter/logs/locations/tabpfn/seed5/amia_ctx5/report/log_amia.log,0.920497567566254,row_max_auc,AMIA
locations,tabpfn,5,amia,34.1,ml_privacy_meter/logs/locations/tabpfn/seed5/amia_ctx50/report/log_amia.log,0.920497567566254,row_max_auc,AMIA
locations,tabpfn,5,amia,46.5,ml_privacy_meter/logs/locations/tabpfn/seed5/amia_ctx60/report/log_amia.log,0.920497567566254,row_max_auc,AMIA
locations,tabpfn,5,amia,61.4,ml_privacy_meter/logs/locations/tabpfn/seed5/amia_ctx70/report/log_amia.log,0.920497567566254,row_max_auc,AMIA
locations,tabpfn,5,amia,76.3,ml_privacy_meter/logs/locations/tabpfn/seed5/amia_ctx80/report/log_amia.log,0.920497567566254,row_max_auc,AMIA
locations,tabpfn,5,amia,94.8,ml_privacy_meter/logs/locations/tabpfn/seed5/amia_ctx90/report/log_amia.log,0.920497567566254,row_max_auc,AMIA
url,real-tabpfn,1,amia,1029.9,ml_privacy_meter/logs/url/real-tabpfn/seed1/amia/report/log_amia.log,0.8278698631166074,row_max_auc,AMIA
url,real-tabpfn,2,amia,1023.7,ml_privacy_meter/logs/url/real-tabpfn/seed2/amia/report/log_amia.log,0.8340116025240564,row_max_auc,AMIA
url,real-tabpfn,3,amia,1020.1,ml_privacy_meter/logs/url/real-tabpfn/seed3/amia/report/log_amia.log,0.8335147271096535,row_max_auc,AMIA
url,real-tabpfn,4,amia,1040.1,ml_privacy_meter/logs/url/real-tabpfn/seed4/amia/report/log_amia.log,0.8148379274326181,row_max_auc,AMIA
url,real-tabpfn,5,amia,1002.1,ml_privacy_meter/logs/url/real-tabpfn/seed5/amia/report/log_amia.log,0.8533547405752355,row_max_auc,AMIA
url,tabdpt,1,amia,273.0,ml_privacy_meter/logs/url/tabdpt/seed1/amia/report/log_amia.log,0.9158935134609006,row_max_auc,AMIA
url,tabdpt,2,amia,277.0,ml_privacy_meter/logs/url/tabdpt/seed2/amia/report/log_amia.log,0.907811006719944,row_max_auc,AMIA
url,tabdpt,3,amia,272.7,ml_privacy_meter/logs/url/tabdpt/seed3/amia/report/log_amia.log,0.9141327699012008,row_max_auc,AMIA
url,tabdpt,4,amia,276.3,ml_privacy_meter/logs/url/tabdpt/seed4/amia/report/log_amia.log,0.8967379931709639,row_max_auc,AMIA
url,tabdpt,5,amia,272.3,ml_privacy_meter/logs/url/tabdpt/seed5/amia/report/log_amia.log,0.913914667315848,row_max_auc,AMIA
url,tabicl,1,amia,1036.1,ml_privacy_meter/logs/url/tabicl/seed1/amia/report/log_amia.log,0.9230902999684916,row_max_auc,AMIA
url,tabicl,2,amia,1011.0,ml_privacy_meter/logs/url/tabicl/seed2/amia/report/log_amia.log,0.9303067383001968,row_max_auc,AMIA
url,tabicl,3,amia,1034.2,ml_privacy_meter/logs/url/tabicl/seed3/amia/report/log_amia.log,0.9415226222436004,row_max_auc,AMIA
url,tabicl,4,amia,1020.3,ml_privacy_meter/logs/url/tabicl/seed4/amia/report/log_amia.log,0.9183909554575348,row_max_auc,AMIA
url,tabicl,5,amia,1040.5,ml_privacy_meter/logs/url/tabicl/seed5/amia/report/log_amia.log,0.9268817683114172,row_max_auc,AMIA
url,tabpfn,1,amia,1047.6,ml_privacy_meter/logs/url/tabpfn/seed1/amia/report/log_amia.log,0.8141032976087486,row_max_auc,AMIA
url,tabpfn,2,amia,1012.8,ml_privacy_meter/logs/url/tabpfn/seed2/amia/report/log_amia.log,0.8204664602698908,row_max_auc,AMIA
url,tabpfn,3,amia,1055.2,ml_privacy_meter/logs/url/tabpfn/seed3/amia/report/log_amia.log,0.8385064537461385,row_max_auc,AMIA
url,tabpfn,4,amia,1020.3,ml_privacy_meter/logs/url/tabpfn/seed4/amia/report/log_amia.log,0.8020406704570917,row_max_auc,AMIA
url,tabpfn,5,amia,1031.1,ml_privacy_meter/logs/url/tabpfn/seed5/amia/report/log_amia.log,0.8480569408609655,row_max_auc,AMIA
us_stocks_financial,real-tabpfn,1,amia,644.4,ml_privacy_meter/logs/us_stocks_financial/real-tabpfn/seed1/amia/report/log_amia.log,0.8924603582750037,row_max_auc,AMIA
us_stocks_financial,real-tabpfn,2,amia,661.9,ml_privacy_meter/logs/us_stocks_financial/real-tabpfn/seed2/amia/report/log_amia.log,0.844850474211359,row_max_auc,AMIA
us_stocks_financial,real-tabpfn,3,amia,646.8,ml_privacy_meter/logs/us_stocks_financial/real-tabpfn/seed3/amia/report/log_amia.log,0.9280876823751598,row_max_auc,AMIA
us_stocks_financial,real-tabpfn,4,amia,658.4,ml_privacy_meter/logs/us_stocks_financial/real-tabpfn/seed4/amia/report/log_amia.log,0.8768482667424609,row_max_auc,AMIA
us_stocks_financial,real-tabpfn,5,amia,648.6,ml_privacy_meter/logs/us_stocks_financial/real-tabpfn/seed5/amia/report/log_amia.log,0.891513299557732,row_max_auc,AMIA
us_stocks_financial,tabdpt,1,amia,32.7,ml_privacy_meter/logs/us_stocks_financial/tabdpt/seed1/amia/report/log_amia.log,0.9391994939189542,row_max_auc,AMIA
us_stocks_financial,tabdpt,2,amia,33.0,ml_privacy_meter/logs/us_stocks_financial/tabdpt/seed2/amia/report/log_amia.log,0.919584060953864,row_max_auc,AMIA
us_stocks_financial,tabdpt,3,amia,32.8,ml_privacy_meter/logs/us_stocks_financial/tabdpt/seed3/amia/report/log_amia.log,0.9361177744378198,row_max_auc,AMIA
us_stocks_financial,tabdpt,4,amia,33.4,ml_privacy_meter/logs/us_stocks_financial/tabdpt/seed4/amia/report/log_amia.log,0.9193223203196628,row_max_auc,AMIA
us_stocks_financial,tabdpt,5,amia,32.8,ml_privacy_meter/logs/us_stocks_financial/tabdpt/seed5/amia/report/log_amia.log,0.9397273989727232,row_max_auc,AMIA
us_stocks_financial,tabicl,1,amia,93.2,ml_privacy_meter/logs/us_stocks_financial/tabicl/seed1/amia/report/log_amia.log,0.6752211616196805,row_max_auc,AMIA
us_stocks_financial,tabicl,2,amia,92.7,ml_privacy_meter/logs/us_stocks_financial/tabicl/seed2/amia/report/log_amia.log,0.6927928057453177,row_max_auc,AMIA
us_stocks_financial,tabicl,3,amia,93.0,ml_privacy_meter/logs/us_stocks_financial/tabicl/seed3/amia/report/log_amia.log,0.6706882562138516,row_max_auc,AMIA
us_stocks_financial,tabicl,4,amia,91.7,ml_privacy_meter/logs/us_stocks_financial/tabicl/seed4/amia/report/log_amia.log,0.6700586040966463,row_max_auc,AMIA
us_stocks_financial,tabicl,5,amia,94.3,ml_privacy_meter/logs/us_stocks_financial/tabicl/seed5/amia/report/log_amia.log,0.6680655044645211,row_max_auc,AMIA
us_stocks_financial,tabpfn,1,amia,658.9,ml_privacy_meter/logs/us_stocks_financial/tabpfn/seed1/amia/report/log_amia.log,0.7511510136551195,row_max_auc,AMIA
us_stocks_financial,tabpfn,2,amia,648.7,ml_privacy_meter/logs/us_stocks_financial/tabpfn/seed2/amia/report/log_amia.log,0.7493595649059632,row_max_auc,AMIA
us_stocks_financial,tabpfn,3,amia,660.4,ml_privacy_meter/logs/us_stocks_financial/tabpfn/seed3/amia/report/log_amia.log,0.8202450113525392,row_max_auc,AMIA
us_stocks_financial,tabpfn,4,amia,647.1,ml_privacy_meter/logs/us_stocks_financial/tabpfn/seed4/amia/report/log_amia.log,0.7367748171594211,row_max_auc,AMIA
us_stocks_financial,tabpfn,5,amia,659.4,ml_privacy_meter/logs/us_stocks_financial/tabpfn/seed5/amia/report/log_amia.log,0.764475086531085,row_max_auc,AMIA
