dataset,model,attack,attack_auc,tpr_at_fpr_01,tpr_at_fpr_0,tnr_at_fnr_01,tnr_at_fnr_0
46980_MIC,lightgbm,lira,0.5662200000000001,0.0,0.0,0.0,0.0
46980_MIC,lightgbm,lira_online,0.59582,0.04862236628849271,0.04862236628849271,0.0573743922204214,0.0573743922204214
46980_MIC,lightgbm,rmia,0.63925461465921,0.0204213938411669,0.0204213938411669,0.0972447325769854,0.0972447325769854
46980_MIC,lightgbm,rmia_online,0.65726,0.06839546191247974,0.06839546191247974,0.10923824959481361,0.10923824959481361
46980_MIC,mlp,lira,0.59888,0.0,0.0,0.0,0.0
46980_MIC,mlp,lira_online,0.73272,0.08200972447325769,0.08200972447325769,0.2842787682333874,0.2842787682333874
46980_MIC,mlp,rmia,0.7229877931855138,0.0479740680713128,0.0479740680713128,0.3390599675850891,0.3390599675850891
46980_MIC,mlp,rmia_online,0.7264,0.06126418152350081,0.06126418152350081,0.3419773095623987,0.3419773095623987
46980_MIC,real-tabpfn,lira,0.6008,0.0,0.0,0.0,0.0
46980_MIC,real-tabpfn,lira_online,0.61324,0.019124797406807132,0.019124797406807132,0.036304700162074564,0.036304700162074564
46980_MIC,real-tabpfn,rmia,0.6675018190701596,0.0,0.0,0.0508914100486223,0.0508914100486223
46980_MIC,real-tabpfn,rmia_online,0.7039799999999999,0.04278768233387358,0.04278768233387358,0.05964343598055104,0.05964343598055104
46980_MIC,rf,lira,0.5648799999999999,0.0,0.0,0.0,0.0
46980_MIC,rf,lira_online,0.57024,0.004213938411669367,0.004213938411669367,0.013290113452188002,0.013290113452188002
46980_MIC,rf,rmia,0.6201784133505301,0.0149108589951377,0.0149108589951377,0.0453808752025931,0.0453808752025931
46980_MIC,rf,rmia_online,0.6517999999999999,0.04959481361426256,0.04959481361426256,0.05445705024311183,0.05445705024311183
46980_MIC,tabdpt,lira,0.73518,0.0,0.0,0.0,0.0
46980_MIC,tabdpt,lira_online,0.9420400000000001,0.2479740680713128,0.2479740680713128,0.6846029173419773,0.6846029173419773
46980_MIC,tabdpt,rmia,0.910784130878486,0.0739059967585089,0.0739059967585089,0.6586709886547812,0.6586709886547812
46980_MIC,tabdpt,rmia_online,0.91006,0.12414910858995139,0.12414910858995139,0.6719611021069692,0.6719611021069692
46980_MIC,tabicl,lira,0.71912,0.0,0.0,0.0,0.0
46980_MIC,tabicl,lira_online,0.87988,0.13808752025931928,0.13808752025931928,0.2239870340356564,0.2239870340356564
46980_MIC,tabicl,rmia,0.8589512699342509,0.0077795786061588,0.0077795786061588,0.0706645056726094,0.0706645056726094
46980_MIC,tabicl,rmia_online,0.8965799999999999,0.0927066450567261,0.0927066450567261,0.13160453808752026,0.13160453808752026
46980_MIC,tabnet,lira,0.5382399999999999,0.0,0.0,0.0,0.0
46980_MIC,tabnet,lira_online,0.5578000000000001,0.003889789303079416,0.003889789303079416,0.009076175040518653,0.009076175040518653
46980_MIC,tabnet,rmia,0.5896939496544423,0.0,0.0,0.053160453808752,0.053160453808752
46980_MIC,tabnet,rmia_online,0.5884199999999999,0.012641815235008102,0.012641815235008102,0.048946515397082654,0.048946515397082654
46980_MIC,tabpfn,lira,0.60128,0.0,0.0,0.0,0.0
46980_MIC,tabpfn,lira_online,0.6159800000000001,0.020745542949756886,0.020745542949756886,0.03144246353322529,0.03144246353322529
46980_MIC,tabpfn,rmia,0.6660139904226284,0.0,0.0,0.0615883306320907,0.0615883306320907
46980_MIC,tabpfn,rmia_online,0.70354,0.048946515397082654,0.048946515397082654,0.06158833063209075,0.06158833063209075
credit_rating,lightgbm,lira,0.7436,0.0,0.0,0.0,0.0
credit_rating,lightgbm,lira_online,0.95814,0.13210526315789473,0.13210526315789473,0.6512483574244415,0.6512483574244415
credit_rating,lightgbm,rmia,0.9280524240957188,0.0,0.0,0.7369250985545335,0.7369250985545335
credit_rating,lightgbm,rmia_online,0.9295,0.1789473684210526,0.1789473684210526,0.7505913272010513,0.7505913272010513
credit_rating,mlp,lira,0.51312,0.0,0.0,0.0,0.0
credit_rating,mlp,lira_online,0.49528,0.0010526315789473684,0.0010526315789473684,0.001576872536136653,0.001576872536136653
credit_rating,mlp,rmia,0.5109819143785876,0.001578947368421,0.001578947368421,0.0031537450722733,0.0031537450722733
credit_rating,mlp,rmia_online,0.52848,0.0007894736842105263,0.0007894736842105263,0.0013140604467805517,0.0013140604467805517
credit_rating,real-tabpfn,lira,0.72778,0.0,0.0,0.0,0.0
credit_rating,real-tabpfn,lira_online,0.9085000000000001,0.011578947368421053,0.011578947368421053,0.06570302233902758,0.06570302233902758
credit_rating,real-tabpfn,rmia,0.9296579984784564,0.001578947368421,0.001578947368421,0.1779237844940867,0.1779237844940867
credit_rating,real-tabpfn,rmia_online,0.9572799999999999,0.11078947368421052,0.11078947368421052,0.3576872536136662,0.3576872536136662
credit_rating,rf,lira,0.74744,0.0,0.0,0.0,0.0
credit_rating,rf,lira_online,0.9811399999999999,0.06552631578947368,0.06552631578947368,0.631011826544021,0.631011826544021
credit_rating,rf,rmia,0.9788882357009476,0.0413157894736842,0.0413157894736842,0.6078843626806834,0.6078843626806834
credit_rating,rf,rmia_online,0.99278,0.38473684210526315,0.38473684210526315,0.7637319316688568,0.7637319316688568
credit_rating,tabdpt,lira,0.7473,0.0,0.0,0.2951379763469119,0.2951379763469119
credit_rating,tabdpt,lira_online,0.98946,0.13026315789473683,0.13026315789473683,0.8749014454664914,0.8749014454664914
credit_rating,tabdpt,rmia,0.9795826129054568,0.0847368421052631,0.0847368421052631,0.8890932982917213,0.8890932982917213
credit_rating,tabdpt,rmia_online,0.9796400000000001,0.1863157894736842,0.1863157894736842,0.8951379763469121,0.8951379763469121
credit_rating,tabicl,lira,0.74614,0.0,0.0,0.19789750328515113,0.19789750328515113
credit_rating,tabicl,lira_online,0.99024,0.09157894736842105,0.09157894736842105,0.6877792378449409,0.6877792378449409
credit_rating,tabicl,rmia,0.9826991838993016,0.0542105263157894,0.0542105263157894,0.8777923784494085,0.8777923784494085
credit_rating,tabicl,rmia_online,0.98302,0.14473684210526316,0.14473684210526316,0.8896189224704336,0.8896189224704336
credit_rating,tabnet,lira,0.53918,0.0,0.0,0.0,0.0
credit_rating,tabnet,lira_online,0.52138,0.002631578947368421,0.002631578947368421,0.00341655716162943,0.00341655716162943
credit_rating,tabnet,rmia,0.5550157341448234,0.0005263157894736,0.0005263157894736,0.0063074901445466,0.0063074901445466
credit_rating,tabnet,rmia_online,0.5736399999999999,0.0002631578947368421,0.0002631578947368421,0.0026281208935611034,0.0026281208935611034
credit_rating,tabpfn,lira,0.72514,0.0,0.0,0.0,0.0
credit_rating,tabpfn,lira_online,0.91138,0.011842105263157895,0.011842105263157895,0.07700394218134035,0.07700394218134035
credit_rating,tabpfn,rmia,0.9289475413237428,0.001578947368421,0.001578947368421,0.1448094612352168,0.1448094612352168
credit_rating,tabpfn,rmia_online,0.95794,0.11499999999999999,0.11499999999999999,0.3390275952693824,0.3390275952693824
dropout_success,lightgbm,lira,0.62736,0.0,0.0,0.0,0.0
dropout_success,lightgbm,lira_online,0.70198,0.026522001205545508,0.014225437010247139,0.057263411693791434,0.04605183845690175
dropout_success,lightgbm,rmia,0.7457310499908983,0.0062688366485834,0.0024110910186859,0.103676913803496,0.0795660036166365
dropout_success,lightgbm,rmia_online,0.7889,0.08065099457504521,0.06148282097649187,0.18529234478601567,0.16142254370102474
dropout_success,mlp,lira,0.54496,0.0,0.0,0.0,0.0
dropout_success,mlp,lira_online,0.54198,0.0013261000602772753,0.00048221820373719104,0.0057866184448462695,0.0031344183242917323
dropout_success,mlp,rmia,0.5884965960961107,0.0001205545509342,0.0001205545509342,0.0168776371308017,0.0125376732971669
dropout_success,mlp,rmia_online,0.6031799999999999,0.0038577456298975283,0.002049427365883062,0.02374924653405668,0.017600964436407462
dropout_success,real-tabpfn,lira,0.63022,0.0,0.0,0.0,0.0
dropout_success,real-tabpfn,lira_online,0.66716,0.014587100663050028,0.010247136829415311,0.011693791440626877,0.004460518384569001
dropout_success,real-tabpfn,rmia,0.7097187750814689,0.0004822182037371,0.0004822182037371,0.0180831826401446,0.0113321277878239
dropout_success,real-tabpfn,rmia_online,0.77306,0.02820976491862568,0.024352019288728148,0.0658227848101266,0.05183845690174804
dropout_success,rf,lira,0.6853,0.0,0.0,0.0,0.0
dropout_success,rf,lira_online,0.80938,0.006148282097649186,0.003496081977094635,0.007594936708860756,0.002893309222423146
dropout_success,rf,rmia,0.8549696052110958,0.0738999397227245,0.0122965641952983,0.2033755274261603,0.1858951175406871
dropout_success,rf,rmia_online,0.8969400000000001,0.19590114526823388,0.1027124773960217,0.29957805907172996,0.27329716696805306
dropout_success,tabdpt,lira,0.75342,0.0,0.0,0.0,0.0
dropout_success,tabdpt,lira_online,0.98508,0.5918022905364678,0.5587703435804702,0.6284508740204943,0.42447257383966247
dropout_success,tabdpt,rmia,0.9749289407585928,0.0684749849306811,0.0467751657625075,0.2213381555153707,0.1399638336347197
dropout_success,tabdpt,rmia_online,0.9816,0.42423146473779383,0.4021699819168173,0.4378541289933695,0.20216998191681737
dropout_success,tabicl,lira,0.7184999999999999,0.0,0.0,0.0,0.0
dropout_success,tabicl,lira_online,0.87342,0.11669680530440026,0.0594333936106088,0.11440626883664859,0.07836045810729356
dropout_success,tabicl,rmia,0.8672009144415125,0.0466546112115732,0.013381555153707,0.0266425557564798,0.0151898734177215
dropout_success,tabicl,rmia_online,0.9255599999999999,0.21832429174201326,0.17034358047016274,0.21940928270042193,0.19843279083785412
dropout_success,tabnet,lira,0.5769,0.0,0.0,0.0,0.0
dropout_success,tabnet,lira_online,0.57756,0.0027727546714888486,0.00216998191681736,0.013622664255575656,0.0069921639541892676
dropout_success,tabnet,rmia,0.6359517796329663,0.0026522001205545,0.0003616636528028,0.0635322483423749,0.0497890295358649
dropout_success,tabnet,rmia_online,0.64412,0.005183845690174804,0.0024110910186859553,0.07546714888487038,0.05364677516576251
dropout_success,tabpfn,lira,0.63254,0.0,0.0,0.0,0.0
dropout_success,tabpfn,lira_online,0.6717000000000001,0.01241711874623267,0.008921036769138035,0.011452682338758291,0.0044605183845690234
dropout_success,tabpfn,rmia,0.7158132836000394,0.007715491259795,0.0004822182037371,0.0168776371308016,0.0110910186859554
dropout_success,tabpfn,rmia_online,0.78024,0.030018083182640144,0.022905364677516575,0.06799276672694395,0.05328511151295963
locations,lightgbm,lira,0.71286,0.0,0.0,0.0,0.0
locations,lightgbm,lira_online,0.9257200000000001,0.22683307332293295,0.22683307332293295,0.5090342679127726,0.5090342679127726
locations,lightgbm,rmia,0.8537657767992963,0.0290171606864274,0.0290171606864274,0.5651090342679128,0.5651090342679128
locations,lightgbm,rmia_online,0.85516,0.0845553822152886,0.0845553822152886,0.5778816199376948,0.5778816199376948
locations,mlp,lira,0.69804,0.0,0.0,0.0,0.0
locations,mlp,lira_online,0.92222,0.1385335413416537,0.1385335413416537,0.6426791277258567,0.6426791277258567
locations,mlp,rmia,0.8196733102968979,0.0065522620904836,0.0065522620904836,0.5741433021806854,0.5741433021806854
locations,mlp,rmia_online,0.82014,0.028081123244929795,0.028081123244929795,0.5725856697819315,0.5725856697819315
locations,real-tabpfn,lira,0.6967800000000001,0.0,0.0,0.0,0.0
locations,real-tabpfn,lira_online,0.8215199999999999,0.06833073322932917,0.06833073322932917,0.1277258566978193,0.1277258566978193
locations,real-tabpfn,rmia,0.8175740300640063,0.0184087363494539,0.0184087363494539,0.0937694704049844,0.0937694704049844
locations,real-tabpfn,rmia_online,0.85906,0.07581903276131045,0.07581903276131045,0.1922118380062305,0.1922118380062305
locations,rf,lira,0.73906,0.0,0.0,0.10093457943925235,0.10093457943925235
locations,rf,lira_online,0.9652000000000001,0.39126365054602186,0.39126365054602186,0.38317757009345793,0.38317757009345793
locations,rf,rmia,0.9682274580702854,0.1794071762870514,0.1794071762870514,0.6355140186915887,0.6355140186915887
locations,rf,rmia_online,0.9857799999999999,0.6343213728549142,0.6343213728549142,0.7143302180685358,0.7143302180685358
locations,tabdpt,lira,0.73144,0.0,0.0,0.0,0.0
locations,tabdpt,lira_online,0.9430999999999999,0.12511700468018722,0.12511700468018722,0.7373831775700934,0.7373831775700934
locations,tabdpt,rmia,0.9015083033227872,0.0146645865834633,0.0146645865834633,0.670404984423676,0.670404984423676
locations,tabdpt,rmia_online,0.89994,0.08611544461778471,0.08611544461778471,0.6716510903426791,0.6716510903426791
locations,tabicl,lira,0.74206,0.0,0.0,0.0,0.0
locations,tabicl,lira_online,0.98644,0.44773790951638065,0.44773790951638065,0.5922118380062306,0.5922118380062306
locations,tabicl,rmia,0.899355563007567,0.0546021840873635,0.0546021840873635,0.3124610591900311,0.3124610591900311
locations,tabicl,rmia_online,0.8997999999999999,0.11700468018720749,0.11700468018720749,0.522741433021807,0.522741433021807
locations,tabnet,lira,0.59266,0.0,0.0,0.0,0.0
locations,tabnet,lira_online,0.62486,0.00374414976599064,0.00374414976599064,0.09532710280373828,0.09532710280373828
locations,tabnet,rmia,0.6942992112207853,0.0018720748829953,0.0018720748829953,0.184423676012461,0.184423676012461
locations,tabnet,rmia_online,0.6900999999999999,0.0012480499219968799,0.0012480499219968799,0.18068535825545173,0.18068535825545173
locations,tabpfn,lira,0.70348,0.0,0.0,0.0,0.0
locations,tabpfn,lira_online,0.84596,0.11263650546021842,0.11263650546021842,0.15638629283489097,0.15638629283489097
locations,tabpfn,rmia,0.8363312289500925,0.0,0.0,0.078816199376947,0.078816199376947
locations,tabpfn,rmia_online,0.8601800000000001,0.0717628705148206,0.0717628705148206,0.1716510903426791,0.1716510903426791
url,lightgbm,lira,0.55392,0.0,0.0,0.0,0.0
url,lightgbm,lira_online,0.5773400000000001,0.01717218852076528,0.0062062529164722356,0.03271115258982733,0.021231917872141848
url,lightgbm,rmia,0.599859824246279,0.0153523098460102,0.0043863742417172,0.07974801679888,0.0643957069528697
url,lightgbm,rmia_online,0.61456,0.022911805879608026,0.007326178254783014,0.0858609426038264,0.06864209052729815
url,mlp,lira,0.5092000000000001,0.0,0.0,0.0,0.0
url,mlp,lira_online,0.50468,0.0007932804479701353,0.0002799813345776948,0.0013532431171255244,0.00032664489034064383
url,mlp,rmia,0.5143336594483683,0.0007466168922071,0.0002799813345776,0.000886607559496,0.0001866542230517
url,mlp,rmia_online,0.5172399999999999,0.0011199253383107793,0.00032664489034064394,0.0022398506766215577,4.666355576294911e-05
url,real-tabpfn,lira,0.63504,0.0,0.0,0.0,0.0
url,real-tabpfn,lira_online,0.6966,0.015352309846010265,0.003499766682221185,0.02431171255249649,0.011945870275314973
url,real-tabpfn,rmia,0.7309970889170462,0.0068128791413905,0.0006532897806812,0.0707886140923938,0.0296313579094726
url,real-tabpfn,rmia_online,0.75396,0.02487167522165189,0.010079328044797014,0.10079328044797012,0.0684087727484834
url,rf,lira,0.66964,0.0,0.0,0.0,0.0
url,rf,lira_online,0.69078,0.0015398973401773216,0.00023331777881474566,0.004013065795613624,0.0014465702286514226
url,rf,rmia,0.7882525587110494,0.03117125524965,0.0002333177788147,0.0991600559962669,0.0510032664489034
url,rf,rmia_online,0.8258800000000001,0.06476901539897341,0.018152123191787214,0.15370975268315445,0.0699020065328978
url,tabdpt,lira,0.7256199999999999,0.0,0.0,0.0,0.0
url,tabdpt,lira_online,0.9267199999999999,0.06602893140457303,0.0242183854409706,0.6214652356509566,0.37470835277648157
url,tabdpt,rmia,0.8836058495151498,0.0251049930004666,0.0,0.4996266915538964,0.3666355576294914
url,tabdpt,rmia_online,0.8909,0.028884741017265514,0.011105926271581894,0.5633224451703219,0.42431171255249656
url,tabicl,lira,0.72868,0.0,0.0,0.0,0.0
url,tabicl,lira_online,0.9531000000000001,0.09659356042930471,0.013905739617358841,0.5755949603359776,0.22356509566028934
url,tabicl,rmia,0.872188444553222,0.0188054129724685,0.0061595893607092,0.4766215585627624,0.3706019598693421
url,tabicl,rmia_online,0.87378,0.022865142323845077,0.007792813812412505,0.5266448903406439,0.44871675221651885
url,tabnet,lira,0.5315799999999999,0.0,0.0,0.0,0.0
url,tabnet,lira_online,0.54152,0.006112925804946337,0.0014932337844143723,0.020251983201119917,0.005599626691553894
url,tabnet,rmia,0.5625022890836675,0.0057862809146056,0.000839944003733,0.045776948203453,0.0119925338310779
url,tabnet,rmia_online,0.56364,0.004199720018665422,0.0008399440037330844,0.045450303313112436,0.012179188054129719
url,tabpfn,lira,0.62926,0.0,0.0,0.0,0.0
url,tabpfn,lira_online,0.68652,0.012319178721418573,0.0027064862342510497,0.018152123191787207,0.01059262715818945
url,tabpfn,rmia,0.7238755727064144,0.0106859542697153,0.0015865608959402,0.0608492767148856,0.0243117125524964
url,tabpfn,rmia_online,0.74726,0.026691553896406907,0.011992533831077928,0.10219318712085859,0.05431637890807277
us_stocks_financial,lightgbm,lira,0.6089,0.0,0.0,0.0,0.0
us_stocks_financial,lightgbm,lira_online,0.61788,0.002185792349726776,0.001214329083181542,0.025015179113539766,0.01918639951426837
us_stocks_financial,lightgbm,rmia,0.673708042699851,0.000850030358227,0.000850030358227,0.0873102610807529,0.0816029143897996
us_stocks_financial,lightgbm,rmia_online,0.69452,0.0031572556162720094,0.0015786278081360047,0.10224650880388583,0.09726775956284153
us_stocks_financial,mlp,lira,0.5141199999999999,0.0,0.0,0.0,0.0
us_stocks_financial,mlp,lira_online,0.51594,0.0014571948998178506,0.0006071645415907711,0.005950212507589559,0.004857316332726147
us_stocks_financial,mlp,rmia,0.5264882627757999,0.0017000607164541,0.0007285974499089,0.0163934426229508,0.014207650273224
us_stocks_financial,mlp,rmia_online,0.5346,0.0030358227079538553,0.0018214936247723135,0.020886460230722537,0.0172434729811779
us_stocks_financial,real-tabpfn,lira,0.64516,0.0,0.0,0.0,0.0
us_stocks_financial,real-tabpfn,lira_online,0.67882,0.009714632665452336,0.0031572556162720094,0.019914996964177267,0.01772920461445051
us_stocks_financial,real-tabpfn,rmia,0.7107557336866464,0.0030358227079538,0.0007285974499089,0.0085003035822707,0.0065573770491803
us_stocks_financial,real-tabpfn,rmia_online,0.7538400000000001,0.0069216757741347905,0.0013357619914996966,0.019793564055859147,0.012871888281724342
us_stocks_financial,rf,lira,0.6037600000000001,0.0,0.0,0.0,0.0
us_stocks_financial,rf,lira_online,0.58694,0.0012143290831815423,0.0008500303582270795,0.0029143897996357195,0.0012143290831815533
us_stocks_financial,rf,rmia,0.6736207466686132,0.0018214936247723,0.0013357619914996,0.0246508803885852,0.0174863387978142
us_stocks_financial,rf,rmia_online,0.6906399999999999,0.016636308439587126,0.011293260473588343,0.024650880388585317,0.01991499696417729
us_stocks_financial,tabdpt,lira,0.67078,0.0,0.0,0.0,0.0
us_stocks_financial,tabdpt,lira_online,0.76048,0.027686703096539162,0.011414693381906496,0.17753491196114146,0.1581056466302368
us_stocks_financial,tabdpt,rmia,0.7568328129855796,0.003157255616272,0.0013357619914996,0.2004857316332726,0.1829993928354583
us_stocks_financial,tabdpt,rmia_online,0.7584799999999999,0.00922890103217972,0.004978749241044323,0.20388585306618096,0.18506375227686703
us_stocks_financial,tabicl,lira,0.77414,0.0,0.0,0.0,0.0
us_stocks_financial,tabicl,lira_online,0.86736,0.051244687310261085,0.02465088038858531,0.06168791742562234,0.049180327868852444
us_stocks_financial,tabicl,rmia,0.8378363044581804,0.0014571948998178,0.0003642987249544,0.028415300546448,0.0058287795992714
us_stocks_financial,tabicl,rmia_online,0.8819000000000001,0.0026715239829993927,0.0015786278081360051,0.09836065573770492,0.062173649058894956
us_stocks_financial,tabnet,lira,0.51022,0.0,0.0,0.0,0.0
us_stocks_financial,tabnet,lira_online,0.5046999999999999,0.0009714632665452337,0.0004857316332726169,0.002671523982999369,0.0015786278081360017
us_stocks_financial,tabnet,rmia,0.5201561301315449,0.000850030358227,0.0001214329083181,0.0060716454159077,0.0029143897996356
us_stocks_financial,tabnet,rmia_online,0.5243,0.001092896174863388,0.00036429872495446266,0.0076502732240437245,0.002671523982999413
us_stocks_financial,tabpfn,lira,0.6016999999999999,0.0,0.0,0.0,0.0
us_stocks_financial,tabpfn,lira_online,0.62474,0.005221615057680632,0.0025500910746812386,0.008014571948998173,0.0060716454159077
us_stocks_financial,tabpfn,rmia,0.6595770345081065,0.0004857316332726,0.0004857316332726,0.0051001821493624,0.0046144505160898
us_stocks_financial,tabpfn,rmia_online,0.7027599999999999,0.0035215543412264725,0.0029143897996357013,0.011536126290224647,0.00947176684881601
